2024.12.01,00:00,19960000,19980000,19675000,19770000,1618
2024.12.02,00:00,19780000,19930000,19770000,19870000,1614
2024.12.03,00:00,20065000,20120000,19950000,20050000,1567
2024.12.04,00:00,20150000,20320000,20090000,20295000,1619
2024.12.05,00:00,20295000,20295000,20045000,20045000,1614
2024.12.06,00:00,20040000,20045000,19860000,19940000,1282
2024.12.07,00:00,19940000,20010000,19795000,19960000,1609
2024.12.08,00:00,20065000,20300000,20050000,20060000,1625
2024.12.09,00:00,20245000,20440000,20190000,20360000,1626
2024.12.10,00:00,20500000,20735000,20430000,20710000,1652
2024.12.11,00:00,20760000,21115000,20760000,21110000,1616
2024.12.12,00:00,21100000,21100000,20750000,20850000,1651
2024.12.13,00:00,20765000,20930000,20710000,20875000,1296
2024.12.14,00:00,20870000,21200000,20780000,21120000,1667
2024.12.15,00:00,21105000,21170000,20955000,20990000,1629
2024.12.16,00:00,21035000,21445000,21010000,21400000,1626
2024.12.17,00:00,21450000,21570000,21250000,21420000,1642
2024.12.18,00:00,21575000,21610000,21430000,21535000,859
2024.12.19,00:00,21400000,21410000,21045000,21130000,837
2024.12.20,00:00,21200000,21285000,21145000,21260000,795
2024.12.21,00:00,21240000,21290000,21070000,21175000,1600
2024.12.22,00:00,21040000,21305000,20950000,21245000,1667
2024.12.23,00:00,21440000,21740000,21390000,21685000,1621
2024.12.24,00:00,21765000,21950000,21690000,21890000,1634
2024.12.25,00:00,21830000,22050000,21615000,21935000,1619
2024.12.26,00:00,22000000,22320000,22000000,22145000,1606
2024.12.27,00:00,22160000,22320000,22160000,22300000,868
2024.12.28,00:00,22320000,22815000,22320000,22790000,1639
2024.12.29,00:00,22690000,22940000,22170000,22340000,1652
2024.12.30,00:00,22310000,22755000,22090000,22730000,1682
2024.12.31,00:00,22790000,22840000,22430000,22620000,1732
2025.01.01,00:00,22510000,22640000,22410000,22635000,1688
2025.01.02,00:00,22690000,22690000,22490000,22505000,1700
2025.01.04,00:00,22255000,22385000,22145000,22360000,1702
2025.01.05,00:00,22390000,22430000,22120000,22150000,1599
2025.01.06,00:00,22125000,22390000,22030000,22370000,1655
2025.01.07,00:00,22400000,22750000,22330000,22580000,1527
2025.01.08,00:00,22590000,22875000,22520000,22805000,1756
2025.01.09,00:00,22790000,22930000,22750000,22850000,1902
2025.01.11,00:00,23160000,23300000,23070000,23090000,1752
2025.01.12,00:00,23140000,23200000,22850000,22870000,1822
2025.01.13,00:00,22940000,23190000,22890000,22900000,1544
2025.01.14,00:00,22940000,22940000,22710000,22745000,1187
2025.01.15,00:00,22810000,22930000,22460000,22560000,1799
2025.01.16,00:00,22510000,22735000,22450000,22730000,1804
2025.01.18,00:00,22450000,22860000,22450000,22765000,1796
2025.01.19,00:00,22790000,22930000,22670000,22750000,1781
2025.01.20,00:00,22840000,23020000,22650000,22825000,1906
2025.01.21,00:00,23020000,23510000,23020000,23470000,1788
2025.01.22,00:00,23620000,23790000,23545000,23735000,1436
2025.01.23,00:00,23800000,24000000,23740000,23900000,988
2025.01.24,00:00,23850000,24150000,23780000,23955000,295
2025.01.25,00:00,24000000,24180000,23890000,24130000,1355
2025.01.26,00:00,24100000,24320000,24100000,24280000,1131
2025.01.27,00:00,24260000,24420000,24030000,24155000,1263
2025.01.28,00:00,24180000,24180000,24135000,24135000,13
2025.01.29,00:00,24300000,24310000,23885000,23960000,1333
2025.01.30,00:00,23970000,24340000,23920000,24320000,1097
2025.01.31,00:00,24320000,24545000,24310000,24490000,1334
2025.02.01,00:00,24510000,24650000,24470000,24565000,1301
2025.02.02,00:00,24590000,24640000,24350000,24515000,1223
2025.02.03,00:00,24460000,24730000,24440000,24710000,1167
2025.02.04,00:00,24715000,25015000,24655000,24970000,1090
2025.02.05,00:00,24960000,25680000,24960000,25520000,1276
2025.02.06,00:00,25500000,25900000,25470000,25790000,1110
2025.02.07,00:00,25845000,26625000,25840000,26415000,1217
2025.02.08,00:00,26440000,27560000,26440000,27510000,1155
2025.02.09,00:00,27500000,29000000,27500000,28870000,1490
2025.02.10,00:00,28350000,29800000,28050000,28170000,857
2025.02.11,00:00,28440000,28500000,27170000,27700000,257
2025.02.12,00:00,27610000,27800000,27120000,27640000,449
2025.02.13,00:00,27600000,28430000,27600000,28300000,365
2025.02.14,00:00,28700000,28950000,28700000,28720000,290
2025.02.15,00:00,28750000,28775000,27840000,28180000,152
2025.02.16,00:00,28229000,28229000,28229000,28229000,1
2025.02.17,00:00,28249000,28280000,28000000,28049000,39
2025.02.18,00:00,28050000,28650000,28050000,28510000,288
2025.02.19,00:00,28665000,29500000,28590000,29270000,340
2025.02.20,00:00,29700000,30210000,29680000,29880000,343
2025.02.21,00:00,29350000,29750000,29350000,29680000,141
2025.02.22,00:00,29980000,30360000,29230000,29440000,648
2025.02.23,00:00,29060000,29450000,28650000,29160000,949
2025.02.24,00:00,29350000,29460000,28830000,28830000,437
2025.02.25,00:00,28550000,28840000,28380000,28650000,778
2025.02.26,00:00,28920000,29310000,28920000,29105000,1466
2025.02.27,00:00,28920000,29030000,28540000,28690000,1123
2025.02.28,00:00,28700000,28700000,27920000,27940000,1054
2025.03.01,00:00,28130000,28290000,27680000,28000000,1398
2025.03.02,00:00,28140000,28500000,27750000,28200000,1531
2025.03.03,00:00,28040000,28130000,27420000,27630000,1769
2025.03.04,00:00,27820000,28290000,27520000,27990000,1879
2025.03.05,00:00,27890000,27950000,27350000,27450000,1629
2025.03.06,00:00,27370000,27800000,27300000,27750000,1610
2025.03.07,00:00,27710000,28200000,27710000,27800000,1465
2025.03.08,00:00,28580000,30300000,28560000,29890000,1382
2025.03.09,00:00,29950000,31350000,29900000,31250000,1719
2025.03.10,00:00,31200000,31780000,30600000,30800000,1714
2025.03.11,00:00,30800000,31200000,30500000,30850000,1548
2025.03.12,00:00,31150000,31700000,30870000,31350000,1912
2025.03.13,00:00,31300000,31550000,31000000,31080000,1854
2025.03.14,00:00,31150000,31330000,30830000,30880000,1456
2025.03.15,00:00,30900000,31000000,30400000,30960000,1883
2025.03.16,00:00,31000000,32200000,30950000,32170000,1909
2025.03.17,00:00,32000000,33950000,31920000,33900000,1983
2025.03.18,00:00,34550000,35400000,34050000,34230000,1481
2025.03.19,00:00,34150000,34510000,33770000,34150000,1526
2025.03.22,00:00,34300000,34620000,34300000,34440000,347
2025.03.23,00:00,34470000,34500000,34350000,34430000,200
2025.03.24,00:00,34350000,34365000,33800000,33850000,464
2025.03.25,00:00,33850000,34500000,33650000,34400000,793
2025.03.26,00:00,34450000,34900000,34030000,34700000,1236
2025.03.27,00:00,34700000,35700000,34700000,35550000,1425
2025.03.28,00:00,35950000,36550000,35550000,35650000,1369
2025.03.29,00:00,35670000,36120000,35480000,35710000,1475
2025.03.30,00:00,35700000,35850000,35050000,35650000,1323
2025.03.31,00:00,36130000,36220000,35600000,35840000,1048
2025.04.01,00:00,35900000,36110000,35685000,35790000,774
2025.04.02,00:00,35850000,35950000,35580000,35700000,485
2025.04.03,00:00,35660000,35870000,35350000,35600000,1185
2025.04.04,00:00,35550000,35550000,34150000,34290000,1647
2025.04.05,00:00,34350000,34650000,33300000,33570000,1334
2025.04.06,00:00,33600000,34850000,33400000,34840000,1438
2025.04.07,00:00,34850000,34920000,33850000,34020000,1415
2025.04.08,00:00,32450000,32500000,30950000,31420000,1426
2025.04.09,00:00,31700000,32800000,31700000,32520000,1356
2025.04.10,00:00,33000000,33530000,32740000,33290000,1464
2025.04.11,00:00,33520000,33560000,32680000,32690000,1908
2025.04.12,00:00,32700000,33050000,30750000,30880000,1416
2025.04.13,00:00,30300000,30750000,28350000,28800000,1387
2025.04.14,00:00,28780000,29900000,28600000,29830000,1418
2025.04.15,00:00,30120000,30900000,28900000,29160000,1412
2025.04.16,00:00,29400000,30500000,29400000,30200000,1308
2025.04.17,00:00,30200000,30300000,29550000,29730000,1203
2025.04.18,00:00,29130000,29600000,29050000,29350000,995
2025.04.19,00:00,29310000,29700000,28335000,28360000,1210
2025.04.20,00:00,28300000,28700000,27805000,28670000,1413
2025.04.21,00:00,29060000,29380000,28570000,28750000,1410
2025.04.22,00:00,29000000,29010000,28150000,28490000,1435
2025.04.23,00:00,28270000,28290000,27845000,28252000,1466
2025.04.24,00:00,28220000,28400000,28055000,28115000,1385
2025.04.25,00:00,27895000,27990000,27600000,27720000,1917
2025.04.26,00:00,27730000,29280000,27720000,29251000,1454
2025.04.27,00:00,29230000,29730000,28790000,29190000,1480
2025.04.28,00:00,28800000,28810000,27850000,28000000,1447
2025.04.29,00:00,27820000,28200000,27770000,28060000,1510
2025.04.30,00:00,28100000,28265000,27920000,28130000,1511
2025.05.01,00:00,27920000,29020000,27700000,28760000,1619
2025.05.02,00:00,29060000,29100000,28460000,28960000,1414
2025.05.03,00:00,29400000,29660000,29120000,29190000,1341
2025.05.04,00:00,29270000,29870000,29140000,29510000,1449
2025.05.05,00:00,29450000,29550000,29170000,29390000,1327
2025.05.06,00:00,29380000,29520000,28850000,28950000,1446
2025.05.07,00:00,28980000,29250000,28760000,28780000,1490
2025.05.08,00:00,28800000,29270000,28760000,28980000,2019
2025.05.09,00:00,28870000,28960000,28380000,28740000,1157
2025.05.10,00:00,28750000,29340000,28750000,29290000,1423
2025.05.11,00:00,29540000,29720000,28610000,28640000,1428
2025.05.12,00:00,28550000,28640000,28210000,28370000,1385
2025.05.13,00:00,28420000,28730000,28240000,28510000,1511
2025.05.14,00:00,28530000,28570000,27920000,28020000,1411
2025.05.15,00:00,27760000,28010000,27580000,27920000,1564
2025.05.16,00:00,27830000,27870000,27610000,27725000,1035
2025.05.17,00:00,27700000,28010000,27240000,27250000,1533
2025.05.18,00:00,27350000,27500000,26620000,26975000,1564
2025.05.19,00:00,27150000,27410000,27070000,27170000,1435
2025.05.20,00:00,27200000,29280000,27140000,28970000,1455
2025.05.21,00:00,29110000,29670000,28010000,28140000,1413
2025.05.22,00:00,28160000,28360000,28060000,28290000,1460
2025.05.23,00:00,28610000,29000000,28210000,28750000,1380
2025.05.24,00:00,28870000,28940000,28280000,28380000,1436
2025.05.25,00:00,28360000,28530000,28185000,28370000,1656
2025.05.26,00:00,28150000,28160000,27740000,28090000,1532
2025.05.27,00:00,28130000,28180000,27890000,27990000,1464
2025.05.28,00:00,27980000,28220000,27790000,27970000,1665
2025.05.29,00:00,27840000,28050000,27640000,27970000,1493
2025.05.30,00:00,27890000,27990000,27760000,27950000,897
2025.05.31,00:00,27960000,28280000,27820000,27925000,1233
2025.06.01,00:00,27930000,28030000,27660000,27850000,1051
2025.06.02,00:00,27840000,28920000,27840000,28470000,1497
2025.06.03,00:00,28670000,28840000,28460000,28770000,1501
2025.06.04,00:00,28780000,29205000,28730000,28840000,1673
2025.06.05,00:00,28980000,28980000,28490000,28630000,1529
2025.06.06,00:00,28620000,28690000,28310000,28320000,1562
2025.06.07,00:00,28340000,28490000,27760000,27780000,1378
2025.06.08,00:00,27880000,28280000,27810000,28110000,1474
2025.06.09,00:00,28120000,28530000,28120000,28280000,1524
2025.06.10,00:00,28030000,28110000,27800000,28030000,1477
2025.06.11,00:00,28290000,28760000,28240000,28700000,1481
2025.06.12,00:00,29100000,29480000,28730000,29170000,1454
2025.06.25,00:00,29050000,29100000,28850000,28950000,24
2025.06.26,00:00,29150000,29310000,29090000,29100000,28
2025.06.28,00:00,29050000,29390000,28990000,29210000,95
2025.06.29,00:00,29610000,30940000,29610000,30690000,308
2025.06.30,00:00,31500000,32210000,31440000,32010000,667
2025.07.01,00:00,32540000,32940000,31890000,32080000,503
2025.07.02,00:00,32000000,32590000,31590000,32490000,674
2025.07.03,00:00,32720000,32720000,31730000,31940000,1095
2025.07.04,00:00,31760000,31900000,31230000,31590000,1646
2025.07.05,00:00,31590000,31590000,31590000,31590000,15
2025.07.07,00:00,31590000,31650000,30810000,30950000,1156
2025.07.08,00:00,30700000,30700000,29910000,30090000,1114
2025.07.09,00:00,30390000,30660000,30040000,30520000,1107
2025.07.10,00:00,30640000,30680000,30260000,30400000,1150
2025.07.11,00:00,30460000,30460000,29660000,29760000,815
2025.07.12,00:00,30050000,30430000,30050000,30130000,1111
2025.07.13,00:00,30410000,31410000,30170000,31290000,1424
2025.07.14,00:00,31360000,31480000,30790000,30960000,1462
2025.07.15,00:00,31150000,31320000,30630000,30690000,1364
2025.07.16,00:00,30810000,30960000,30600000,30920000,1394
2025.07.17,00:00,30930000,30930000,30620000,30760000,1418
2025.07.18,00:00,30810000,30860000,30420000,30490000,722
2025.07.19,00:00,30660000,30660000,30140000,30160000,1517
2025.07.20,00:00,30210000,30310000,29990000,30070000,1498
2025.07.21,00:00,30390000,30700000,30310000,30610000,1450
2025.07.22,00:00,30650000,31360000,30650000,31320000,1626
2025.07.23,00:00,31380000,31480000,30870000,31000000,1490
2025.07.24,00:00,31040000,31060000,30750000,30865000,1416
2025.07.25,00:00,30820000,31000000,30500000,30580000,1130
2025.07.26,00:00,30600000,30840000,30290000,30450000,1393
2025.07.27,00:00,30440000,30610000,30210000,30540000,1441
2025.07.28,00:00,30640000,31080000,30590000,30835000,1428
2025.07.29,00:00,30950000,31150000,30860000,30890000,1424
2025.07.30,00:00,31020000,31150000,30920000,31020000,1389
2025.07.31,00:00,31240000,31390000,31120000,31280000,1369
2025.08.01,00:00,31260000,31400000,31170000,31300000,645
2025.08.02,00:00,31340000,32410000,31310000,32340000,1573
2025.08.03,00:00,32590000,32850000,32440000,32630000,1497
2025.08.04,00:00,32650000,33320000,32420000,33010000,1579
2025.08.05,00:00,33000000,33530000,32450000,32970000,1509
2025.08.06,00:00,32930000,33160000,32540000,32860000,1450
2025.08.07,00:00,32930000,33140000,32840000,32940000,1480
2025.08.08,00:00,32840000,32880000,32630000,32660000,1152
2025.08.09,00:00,32600000,32750000,32080000,32160000,1501
2025.08.10,00:00,32300000,32560000,31970000,32440000,1461
2025.08.11,00:00,32500000,32700000,32360000,32390000,1409
2025.08.12,00:00,32460000,32660000,32210000,32400000,1486
2025.08.13,00:00,32650000,33070000,32590000,32990000,1581
2025.08.14,00:00,33060000,33110000,32535000,32620000,1143
2025.08.15,00:00,32690000,32720000,32440000,32490000,780
2025.08.16,00:00,32600000,32710000,32050000,32240000,1503
2025.08.17,00:00,32360000,32640000,32290000,32500000,1361
2025.08.18,00:00,32670000,32980000,32620000,32760000,1398
2025.08.19,00:00,32890000,33190000,32880000,32960000,1522
2025.08.20,00:00,33190000,33710000,33170000,33650000,1574
2025.08.21,00:00,33870000,34210000,33790000,33840000,1548
2025.08.22,00:00,33760000,33890000,33440000,33510000,911
2025.08.23,00:00,33450000,33700000,33310000,33680000,1342
2025.08.24,00:00,33680000,33810000,33470000,33600000,1143
2025.08.25,00:00,33650000,34130000,33580000,33910000,1449
2025.08.26,00:00,33920000,34960000,33920000,34870000,1533
2025.08.27,00:00,34990000,36160000,34950000,36010000,1465
2025.08.28,00:00,36050000,36530000,35830000,36240000,1509
2025.08.29,00:00,36240000,37570000,35940000,37350000,969
2025.08.30,00:00,37400000,38150000,37060000,37540000,1434
2025.08.31,00:00,37600000,38880000,37190000,38770000,1382
2025.09.01,00:00,39160000,39160000,38390000,38750000,1435
2025.09.02,00:00,38800000,39220000,37620000,37970000,1432
2025.09.03,00:00,38200000,38210000,37490000,37850000,1506
2025.09.04,00:00,37800000,37800000,37030000,37110000,1340
2025.09.05,00:00,37130000,37760000,36750000,37560000,1299
2025.09.06,00:00,37960000,38280000,37560000,37640000,1443
2025.09.07,00:00,37890000,38530000,37810000,38190000,1400
2025.09.08,00:00,38640000,38960000,37740000,37910000,1491
2025.09.09,00:00,37900000,38550000,37470000,37470000,1408
2025.09.10,00:00,37260000,37710000,37090000,37620000,918
2025.09.11,00:00,37590000,37810000,37280000,37680000,1380
2025.09.12,00:00,37630000,37710000,37230000,37250000,629
2025.09.13,00:00,37200000,37460000,36470000,36500000,1376
2025.09.14,00:00,37000000,37210000,36340000,36700000,1341
2025.09.15,00:00,37140000,37730000,37050000,37710000,2551
2025.09.16,00:00,38040000,38660000,38000000,38220000,3011
2025.09.17,00:00,38470000,38780000,38200000,38310000,2994
2025.09.18,00:00,38060000,39210000,37720000,39160000,2515
2025.09.19,00:00,39710000,40260000,39320000,39490000,1714
2025.09.20,00:00,39900000,40540000,39900000,40240000,2236
2025.09.21,00:00,40940000,42100000,40850000,41540000,1953
2025.09.22,00:00,41790000,42020000,40410000,40570000,2004
2025.09.23,00:00,40940000,42720000,40170000,42510000,2077
2025.09.24,00:00,43410000,43700000,42730000,42840000,1991
2025.09.25,00:00,42800000,43610000,42490000,42900000,2030
2025.09.26,00:00,43300000,43800000,43000000,43690000,988
2025.09.27,00:00,44540000,45030000,43550000,44960000,1970
2025.09.28,00:00,45070000,45080000,43540000,44030000,2026
2025.09.29,00:00,44150000,45770000,43810000,45710000,1995
2025.09.30,00:00,45800000,46470000,45210000,46050000,1905
2025.10.01,00:00,46370000,47640000,46240000,47490000,1944
2025.10.02,00:00,47500000,48370000,47220000,47550000,2012
2025.10.03,00:00,47390000,48200000,46890000,47690000,1164
2025.10.04,00:00,47600000,48100000,47010000,47050000,2064
2025.10.05,00:00,47090000,47290000,45370000,45630000,1948
2025.10.06,00:00,46370000,46400000,45410000,45620000,2465
2025.10.07,00:00,45400000,47670000,45400000,47520000,2517
2025.10.08,00:00,47990000,49680000,47990000,49170000,2637
2025.10.09,00:00,49170000,49170000,46920000,47220000,2612
2025.10.10,00:00,47170000,47740000,46780000,47170000,2415
2025.10.11,00:00,47200000,48460000,46920000,47090000,2369
2025.10.12,00:00,47210000,47610000,46310000,46790000,2840
2025.10.13,00:00,46800000,48240000,46790000,47160000,2679
2025.10.14,00:00,47350000,47890000,46770000,46890000,2741
2025.10.15,00:00,46890000,48460000,46890000,48330000,1934
2025.10.16,00:00,48820000,49400000,48700000,48820000,2599
2025.10.17,00:00,49160000,49280000,47510000,47650000,2591
2025.10.18,00:00,47600000,48110000,46590000,47170000,2877
2025.10.19,00:00,47210000,48760000,47160000,48090000,2636
2025.10.20,00:00,48650000,48650000,47140000,47590000,2628
2025.10.21,00:00,48080000,48760000,47130000,47210000,3137
2025.10.22,00:00,47840000,47910000,46780000,47530000,2673
2025.10.23,00:00,47800000,47800000,47120000,47340000,2420
2025.10.24,00:00,46910000,47050000,45910000,45910000,2248
2025.10.25,00:00,46000000,46830000,45650000,46170000,2847
2025.10.26,00:00,46210000,47320000,46210000,46630000,2560
2025.10.27,00:00,46790000,47010000,45560000,45970000,2624
2025.10.28,00:00,46010000,46100000,44420000,44760000,2626
2025.10.29,00:00,44800000,45750000,44760000,45390000,2686
2025.10.30,00:00,45310000,45390000,44820000,45240000,2124
2025.10.31,00:00,45390000,45560000,44840000,45090000,2429
2025.11.01,00:00,45060000,46170000,44910000,46070000,2300
2025.11.02,00:00,46110000,46310000,45320000,45460000,2036
2025.11.03,00:00,45760000,45760000,45290000,45330000,2492
2025.11.04,00:00,45390000,45810000,45110000,45260000,2280
2025.11.05,00:00,45670000,45670000,45180000,45510000,2209
2025.11.06,00:00,45610000,45640000,45360000,45430000,2335
2025.11.07,00:00,45250000,45410000,45140000,45180000,2034
2025.11.08,00:00,45110000,45410000,45060000,45260000,2277
2025.11.09,00:00,45260000,45430000,45200000,45320000,2291
2025.11.10,00:00,45350000,46970000,45350000,46890000,2548
2025.11.11,00:00,46890000,48210000,46890000,48010000,2858
2025.11.12,00:00,48010000,49710000,48010000,49610000,2489
2025.11.13,00:00,49610000,50520000,49430000,49590000,2259
2025.11.14,00:00,49490000,49490000,48420000,48590000,2060
2025.11.15,00:00,48690000,49390000,48460000,48655000,2284
2025.11.16,00:00,48790000,48950000,47890000,48610000,2244
2025.11.17,00:00,48500000,48580000,48280000,48320000,2106
2025.11.18,00:00,48300000,48790000,47560000,47930000,2267
2025.11.19,00:00,47990000,49510000,47990000,49240000,2345
2025.11.20,00:00,49180000,49650000,48800000,48990000,2388
2025.11.21,00:00,48810000,49010000,48310000,48560000,1761
2025.11.22,00:00,48610000,48910000,47990000,48140000,2398
2025.11.23,00:00,48540000,49110000,48190000,48840000,2511
2025.11.24,00:00,48760000,48840000,48390000,48530000,2408
2025.11.25,00:00,48800000,49750000,48760000,49130000,2206
2025.11.26,00:00,49200000,50010000,49200000,49880000,2077
2025.11.27,00:00,49900000,50120000,49550000,49690000,2150
2025.11.28,00:00,49750000,50110000,49590000,50000000,1498
2025.11.29,00:00,50410000,51610000,50230000,51600000,2249
2025.11.30,00:00,51590000,52390000,51200000,52370000,2237
2025.12.01,00:00,52400000,53390000,52160000,52840000,2147
2025.12.02,00:00,52590000,52890000,51750000,52560000,2326
2025.12.03,00:00,52790000,53610000,52520000,53210000,2134
2025.12.04,00:00,53220000,53330000,52790000,53120000,1963
2025.12.05,00:00,53220000,53680000,53060000,53410000,1761
2025.12.06,00:00,53360000,54330000,53340000,54320000,2266
2025.12.07,00:00,54400000,54940000,54040000,54770000,2319
2025.12.08,00:00,54760000,55320000,54640000,55130000,2323
2025.12.09,00:00,55110000,55390000,54350000,55190000,2259
2025.12.10,00:00,55140000,55140000,54490000,54790000,2056
2025.12.11,00:00,54990000,55960000,54790000,55910000,2114
2025.12.12,00:00,56090000,57010000,56040000,56800000,1987
2025.12.13,00:00,56830000,57980000,56830000,57560000,2192
2025.12.14,00:00,57590000,58960000,56540000,58890000,2281
2025.12.15,00:00,59010000,59700000,58560000,58960000,2465
2025.12.16,00:00,58790000,58790000,57740000,58560000,2302
2025.12.17,00:00,58940000,60290000,58690000,60090000,2408
2025.12.18,00:00,60270000,60330000,59120000,59430000,2194
2025.12.19,00:00,59500000,60510000,59040000,60420000,2319
2025.12.20,00:00,60500000,60580000,59260000,59350000,2189
2025.12.21,00:00,59290000,59410000,58390000,58990000,2026
2025.12.22,00:00,60090000,60590000,59840000,60370000,2427
2025.12.23,00:00,60400000,62210000,60400000,61850000,2433
2025.12.24,00:00,61900000,63190000,61900000,62780000,2379
2025.12.25,00:00,62860000,62860000,61890000,62310000,2332
2025.12.26,00:00,63190000,64010000,62900000,63330000,3302
2025.12.27,00:00,63590000,66910000,63460000,66790000,2513
2025.12.28,00:00,66700000,69460000,66700000,68040000,2533
2025.12.29,00:00,68120000,68120000,61610000,62140000,2542
2025.12.30,00:00,62200000,64400000,61990000,64370000,2704
2025.12.31,00:00,64300000,64450000,60550000,60890000,2197
2026.01.01,00:00,60950000,61500000,60150000,61120000,2411
2026.01.02,00:00,61750000,63850000,61520000,62650000,2487
2026.01.03,00:00,62600000,65100000,61800000,63300000,2733
2026.01.04,00:00,63000000,64200000,62300000,63920000,2277
2026.01.05,00:00,64350000,68150000,64350000,67800000,2476
2026.01.06,00:00,67900000,70800000,67900000,70060000,2486
2026.01.07,00:00,69400000,70200000,68350000,69700000,2140
2026.01.08,00:00,69500000,69700000,68090000,68560000,1894
2026.01.21,00:00,68182532,68927602,68065573,68230182,50
2026.01.22,00:00,68598384,68840965,67948615,68602717,68
2026.01.23,00:00,68507417,70404745,68507417,70110183,60
2026.01.24,00:00,70387418,71400000,70045206,70100000,181
2026.01.25,00:00,70500000,71900000,70300000,71300000,10355
2026.01.26,00:00,72700000,76000000,72250000,75900000,5633
2026.01.27,00:00,75950000,79550000,75550000,78900000,6021
2026.01.28,00:00,82200000,88700000,82200000,88400000,6689
2026.01.29,00:00,93300000,97200000,82500000,86550000,11830
2026.01.30,00:00,84800000,86650000,80000000,80500000,7477
2026.01.31,00:00,81000000,90950000,79550000,84900000,11044
2026.02.01,00:00,81700000,85050000,80650000,81800000,8942
2026.02.02,00:00,76500000,79850000,75350000,75850000,9716
2026.02.03,00:00,78000000,85950000,78000000,84400000,9235
2026.02.04,00:00,86100000,88800000,82200000,87800000,6270
2026.02.05,00:00,87600000,87600000,82050000,84400000,5623
2026.02.06,00:00,84100000,85150000,81500000,82200000,6067
2026.02.07,00:00,82250000,82450000,78150000,78650000,7200
2026.02.08,00:00,78700000,83650000,78250000,82000000,8317
2026.02.09,00:00,84350000,86750000,84100000,85550000,7287
2026.02.10,00:00,85700000,88050000,85700000,87200000,6581
2026.02.11,00:00,87350000,87880000,86250000,87000000,3677
2026.02.12,00:00,86300000,86650000,82850000,83500000,5305
2026.02.13,00:00,83550000,83650000,81350000,81900000,5223
2026.02.14,00:00,81850000,84950000,80850000,81800000,6074
2026.02.15,00:00,81750000,84650000,81700000,83550000,5475
2026.02.16,00:00,83500000,83500000,81650000,81900000,5044
2026.02.17,00:00,80700000,85955000,80550000,81850000,6975
2026.02.18,00:00,83500000,85150000,83000000,84780000,5363
2026.02.19,00:00,84830000,86750000,84800000,85300000,5240
2026.02.20,00:00,85350000,85750000,84550000,84900000,4037
2026.02.21,00:00,86790000,87600000,85800000,86100000,5265
2026.02.22,00:00,86700000,87250000,85650000,86100000,4694
2026.02.23,00:00,87450000,87500000,85750000,86650000,5143
2026.02.24,00:00,86600000,87700000,86450000,86600000,4225
2026.02.25,00:00,88000000,89700000,87850000,89250000,4499
2026.02.26,00:00,89290000,89390000,87150000,88200000,3824
2026.02.27,00:00,87200000,88800000,86350000,87050000,4417
2026.02.28,00:00,89400000,99950000,86550000,89950000,10604
2026.03.01,00:00,89500000,89500000,76000000,82050000,11094
2026.03.02,00:00,82100000,86500000,81850000,83950000,4116
2026.03.03,00:00,83900000,84150000,81450000,82450000,4701
2026.03.04,00:00,82400000,83850000,81450000,82400000,3778
2026.03.05,00:00,82450000,82850000,81850000,82150000,2098
2026.03.06,00:00,82200000,82650000,81250000,81350000,2136
2026.03.07,00:00,82050000,82050000,75350000,76700000,5586
2026.03.08,00:00,76650000,80950000,76250000,80200000,461
2026.03.09,00:00,80250000,80650000,76200000,76800000,2139
2026.03.10,00:00,76750000,78250000,75650000,76550000,1283
2026.03.11,00:00,76500000,77050000,75250000,75950000,939
2026.03.12,00:00,76000000,77550000,75050000,76250000,1296
2026.03.13,00:00,76200000,76950000,75050000,76250000,655
2026.03.14,00:00,76200000,77750000,74550000,75100000,548
2026.03.15,00:00,75050000,75500000,73050000,74500000,171
2026.03.16,00:00,74450000,75000000,73050000,73050000,63
2026.03.18,00:00,77955000,77961000,75418000,76177000,708
2026.03.19,00:00,75069000,75069000,71775000,74579000,953
2026.03.20,00:00,75549000,76428000,73340000,73846000,796
2026.03.21,00:00,72643000,72643000,72641000,72641000,657
2026.03.22,00:00,76791000,77750000,76550000,77500000,859
2026.03.23,00:00,77500000,77500000,74250000,76200000,2699
2026.03.24,00:00,76250000,76450000,73550000,74450000,2103
2026.03.25,00:00,74420000,74990000,74094000,74456000,777
2026.03.26,00:00,75400000,76350000,75050000,75750000,2434
2026.03.27,00:00,75800000,76950000,75350000,76300000,671
2026.03.28,00:00,76200000,77450000,76050000,76500000,1451
2026.03.29,00:00,76450000,77150000,76050000,76900000,652
2026.03.30,00:00,77500000,78600000,77250000,77850000,1719
2026.03.31,00:00,77800000,79050000,77650000,79050000,1365
2026.04.01,00:00,79000000,79450000,78500000,78900000,955
2026.04.02,00:00,78500000,78500000,77050000,78050000,1120
2026.04.03,00:00,78100000,78250000,75600000,76700000,1857
2026.04.04,00:00,76650000,78150000,76050000,77150000,1545
2026.04.05,00:00,77200000,78950000,76550000,78500000,2288
2026.04.06,00:00,78550000,80450000,78250000,80200000,2152
2026.04.07,00:00,80150000,81950000,79550000,80500000,3176
2026.04.08,00:00,77200000,79250000,77000000,78750000,3130
2026.04.09,00:00,78800000,79350000,77150000,77750000,2240
2026.04.10,00:00,77800000,78150000,76950000,77250000,1154
2026.04.11,00:00,77300000,77650000,74350000,75100000,5952
2026.04.12,00:00,78500000,79000000,76950000,77300000,6805
2026.04.13,00:00,77250000,78850000,76850000,77300000,6610
2026.04.14,00:00,77000000,77450000,75950000,76700000,2718
2026.04.15,00:00,76750000,77650000,75050000,75650000,6736
2026.04.16,00:00,75600000,76450000,74800000,75000000,2639
2026.04.17,00:00,74950000,74950000,72750000,72900000,4013
2026.04.18,00:00,72950000,75050000,72150000,74800000,7228
2026.04.19,00:00,75000000,76250000,72950000,74000000,7893
2026.04.20,00:00,74000000,74600000,73050000,73450000,5517
2026.04.21,00:00,73400000,74650000,72850000,74250000,4711
2026.04.22,00:00,75000000,75600000,74300000,74600000,5295
2026.04.23,00:00,74600000,75500000,74250000,74870000,2402
2026.04.24,00:00,74750000,74950000,73850000,74400000,2052
2026.04.25,00:00,74500000,75050000,74050000,74950000,5084
2026.04.26,00:00,74900000,75350000,74150000,74330000,3269
2026.04.27,00:00,74280000,77150000,74130000,76950000,4528
2026.04.28,00:00,77700000,82800000,76950000,82800000,7082
2026.04.29,00:00,82800000,88950000,82800000,85300000,7403
2026.04.30,00:00,85350000,86650000,83850000,84700000,3697
2026.05.01,00:00,83650000,86200000,83250000,85550000,3403
2026.05.02,00:00,86700000,88850000,86000000,87050000,6251
2026.05.03,00:00,89000000,90100000,87750000,90000000,5040
2026.05.04,00:00,90000000,90000000,82200000,82900000,6960
2026.05.05,00:00,83000000,85350000,82350000,83450000,6112
2026.05.06,00:00,83500000,85650000,82450000,83950000,5436
2026.05.07,00:00,83500000,84950000,82950000,84350000,3549
2026.05.08,00:00,84550000,84750000,83600000,84050000,2393
2026.05.09,00:00,84000000,84800000,83400000,83500000,3696
2026.05.10,00:00,83500000,84150000,82800000,83800000,4212
2026.05.11,00:00,85000000,86950000,84550000,85890000,5507
2026.05.12,00:00,86000000,86850000,84750000,84900000,4271
2026.05.13,00:00,85700000,85950000,84450000,85100000,3664
2026.05.14,00:00,85000000,85050000,84350000,84600000,3281
2026.05.15,00:00,84600000,84600000,83350000,83600000,4573
2026.05.16,00:00,83550000,84750000,83500000,84100000,7462
2026.05.17,00:00,84200000,84550000,82800000,82950000,8544
2026.05.18,00:00,83000000,83500000,81550000,81850000,6683
2026.05.19,00:00,81900000,83250000,81550000,82150000,5567
2026.05.20,00:00,82100000,84050000,82050000,83400000,6594
2026.05.21,00:00,83450000,83600000,82000000,82600000,3840
2026.05.22,00:00,82550000,82750000,81500000,81850000,4123
2026.05.23,00:00,81800000,82800000,79550000,80500000,7356
2026.05.24,00:00,78000000,80300000,76550000,80100000,9126
2026.05.25,00:00,80050000,81750000,78600000,78950000,8525
