2024.12.01,08:00,70570,70770,70360,70390,19871
2024.12.01,12:00,70350,70380,69970,70060,21543
2024.12.01,16:00,70050,70140,69910,70140,13083.5
2024.12.01,20:00,70140,70200,70070,70070,3546
2024.12.02,08:00,70210,70760,70210,70700,14734.5
2024.12.02,12:00,70690,70890,70450,70570,24409.5
2024.12.02,16:00,70560,70660,70410,70650,15685
2024.12.02,20:00,70660,70790,70660,70720,3608
2024.12.03,08:00,70750,71190,70660,71170,24396.5
2024.12.03,12:00,71170,71190,70780,70850,16196.5
2024.12.03,16:00,70860,71160,70860,71060,11488.5
2024.12.03,20:00,71050,71160,71040,71160,2420
2024.12.04,08:00,71250,71390,71100,71340,22737
2024.12.04,12:00,71330,71460,71250,71380,20550.5
2024.12.04,16:00,71390,71540,71380,71460,12584.5
2024.12.04,20:00,71470,71600,71440,71570,3829
2024.12.05,08:00,71570,71690,71510,71530,15609.5
2024.12.05,12:00,71530,71530,71200,71290,16525.5
2024.12.05,16:00,71280,71390,71240,71260,6769.5
2024.12.05,20:00,71270,71280,71230,71260,1214.5
2024.12.06,16:00,71260,71320,71210,71210,3014
2024.12.06,20:00,71200,71220,71110,71140,4212
2024.12.07,08:00,71150,71410,70800,70870,14548.5
2024.12.07,12:00,70860,71170,70860,71110,16353.501
2024.12.07,16:00,71120,71390,71110,71320,14218
2024.12.07,20:00,71320,71330,71230,71250,2539.5
2024.12.08,08:00,71490,71870,71310,71850,15857
2024.12.08,12:00,71870,72040,71760,72040,20416
2024.12.08,16:00,72040,72190,71930,71960,18913
2024.12.08,20:00,71960,71980,71810,71830,3430
2024.12.09,08:00,71890,72050,71790,71960,16939
2024.12.09,12:00,71970,72400,71880,72310,19937
2024.12.09,16:00,72320,72320,71930,72030,14418
2024.12.09,20:00,72030,72140,72010,72130,3730.5
2024.12.10,08:00,72200,72330,72080,72150,12143.5
2024.12.10,12:00,72170,72510,72160,72470,17943
2024.12.10,16:00,72460,72460,72250,72390,14690.5
2024.12.10,20:00,72440,72540,72440,72520,4182
2024.12.11,08:00,72750,73090,72710,73070,14486
2024.12.11,12:00,73050,73290,73020,73240,16503
2024.12.11,16:00,73250,73440,73250,73310,16404
2024.12.11,20:00,73310,73370,73210,73350,4040
2024.12.12,08:00,73540,73540,72760,72890,16971
2024.12.12,12:00,72900,72910,72650,72860,15744
2024.12.12,16:00,72860,73000,72840,72920,7330
2024.12.12,20:00,72910,73040,72890,73000,3512
2024.12.13,16:00,73280,73420,73260,73420,2917
2024.12.13,20:00,73430,73690,73390,73600,5908.5
2024.12.14,08:00,73670,74250,73500,74170,15170.5
2024.12.14,12:00,74180,74810,74100,74730,22316
2024.12.14,16:00,74730,74840,74460,74530,14292.5
2024.12.14,20:00,74520,74640,74510,74620,4109
2024.12.15,08:00,74740,74740,74450,74470,14805
2024.12.15,12:00,74450,74540,74070,74250,24237.5
2024.12.15,16:00,74260,74450,74210,74350,14284.5
2024.12.15,20:00,74340,74340,74210,74210,4717
2024.12.16,08:00,74300,74500,74260,74490,13109.5
2024.12.16,12:00,74480,75350,74480,75320,27362
2024.12.16,16:00,75320,75550,75250,75550,15968
2024.12.16,20:00,75550,75550,75410,75480,5571
2024.12.17,08:00,75650,76150,75600,76030,18033
2024.12.17,12:00,76020,76130,75530,75770,32344.5
2024.12.17,16:00,75770,75930,75350,75630,22510
2024.12.17,20:00,75620,75780,75590,75780,3711
2024.12.18,08:00,75900,76550,75880,76450,20863
2024.12.18,12:00,76500,76540,75860,76240,30999.5
2024.12.18,16:00,76230,76580,76130,76500,16355
2024.12.18,20:00,76490,76550,76310,76330,4119.5
2024.12.19,08:00,76690,76900,76100,76270,28988.5
2024.12.19,12:00,76270,76290,75560,75680,26576
2024.12.19,16:00,75690,76040,75660,76040,12389
2024.12.19,20:00,76020,76060,75930,76060,3204
2024.12.20,16:00,75930,75930,75820,75860,3616
2024.12.20,20:00,75870,75890,75790,75830,3605
2024.12.21,08:00,75990,76190,75660,75870,21400.5
2024.12.21,12:00,75850,75900,75210,75350,29040.5
2024.12.21,16:00,75350,75460,75300,75390,12968
2024.12.21,20:00,75400,75400,75290,75310,3146
2024.12.22,08:00,75440,75440,74500,74740,25097
2024.12.22,12:00,74730,75370,74730,75290,23513.5
2024.12.22,16:00,75280,75580,75100,75580,19586.5
2024.12.22,20:00,75570,75620,75410,75440,6283
2024.12.23,08:00,75550,76650,75510,76640,25090
2024.12.23,12:00,76620,77500,76500,77450,30952
2024.12.23,16:00,77480,77590,77100,77330,23713.5
2024.12.23,20:00,77320,77390,77210,77270,8149
2024.12.24,08:00,77600,77849,77260,77600,37804
2024.12.24,12:00,77600,77930,77360,77890,38716.5
2024.12.24,16:00,77930,78200,77700,78010,27059
2024.12.24,20:00,78010,78030,77860,77940,5412.5
2024.12.25,08:00,77930,78300,76310,76810,32676
2024.12.25,12:00,76850,77400,76810,77190,35160.5
2024.12.25,16:00,77200,77940,77200,77650,37010.5
2024.12.25,20:00,77630,77630,77510,77510,2311
2024.12.26,08:00,77500,78080,77010,77850,28185
2024.12.26,12:00,77840,78400,77800,78250,17903
2024.12.26,16:00,78250,78520,78250,78360,13962.5
2024.12.26,20:00,78370,78390,78180,78240,3834
2024.12.27,20:00,78620,78770,78600,78770,5033
2024.12.28,08:00,79200,79500,78960,79220,25040
2024.12.28,12:00,79300,79640,79280,79490,36607.5
2024.12.28,16:00,79480,79800,79460,79780,12659
2024.12.28,20:00,79770,79840,79710,79790,5729
2024.12.29,08:00,79800,79900,79500,79750,30427.5
2024.12.29,12:00,79740,79740,78200,78250,35168.5
2024.12.29,16:00,78200,78250,77610,78150,20318
2024.12.29,20:00,78150,78150,77810,77910,7818
2024.12.30,08:00,78500,78790,78050,78340,36226
2024.12.30,12:00,78350,79740,78300,79550,44880
2024.12.30,16:00,79540,79940,79510,79860,17077
2024.12.30,20:00,79900,80200,79900,80200,3839.5
2024.12.31,08:00,81000,81000,79900,80710,9662
2024.12.31,12:00,80700,80740,80150,80360,17546
2024.12.31,16:00,80360,80540,80230,80340,17863.5
2024.12.31,20:00,80340,80340,80150,80330,8791.5
2025.01.01,08:00,80320,80450,79510,80450,16249
2025.01.01,12:00,80450,80490,80000,80090,21883
2025.01.01,16:00,80050,80320,79900,80290,16696
2025.01.01,20:00,80320,80390,80260,80330,5310
2025.01.02,08:00,79950,80200,79600,79900,14357
2025.01.02,12:00,79900,80040,79710,79770,19183
2025.01.02,16:00,79760,79810,79680,79680,4404
2025.01.02,20:00,79670,79670,79460,79500,2738
2025.01.03,16:00,79450,79450,79230,79260,4018
2025.01.03,20:00,79250,79270,79200,79200,3708
2025.01.04,08:00,79100,79210,78660,79100,18125.5
2025.01.04,12:00,79100,79160,78310,78430,32158
2025.01.04,16:00,78460,79170,78450,79160,21233.5
2025.01.04,20:00,79170,79180,79040,79130,3992
2025.01.05,08:00,79290,79590,79040,79140,19654
2025.01.05,12:00,79120,79220,78650,79120,25541
2025.01.05,16:00,79120,79260,78740,78740,17435
2025.01.05,20:00,78700,78770,78550,78650,6355
2025.01.06,08:00,78660,78880,78410,78600,19672
2025.01.06,12:00,78600,78670,78310,78510,32393
2025.01.06,16:00,78500,78760,78490,78720,14344
2025.01.06,20:00,78740,79230,78730,79180,9484.5
2025.01.07,08:00,79290,79950,79270,79530,23000
2025.01.07,12:00,79530,80250,79360,79980,34850.5
2025.01.07,16:00,79970,80160,79830,79890,16309
2025.01.07,20:00,79900,79900,79700,79770,7366
2025.01.08,08:00,79850,79990,79600,79650,18413.5
2025.01.08,12:00,79650,80490,79610,80210,35049
2025.01.08,16:00,80220,80350,80140,80250,14491
2025.01.08,20:00,80250,80290,80090,80140,3644
2025.01.09,08:00,80290,80750,80160,80690,17113
2025.01.09,12:00,80680,80810,80510,80670,18175.5
2025.01.09,16:00,80660,80710,80480,80500,11682
2025.01.09,20:00,80520,80590,80480,80570,2904
2025.01.10,16:00,80880,80990,80810,80850,6740
2025.01.10,20:00,80850,81050,80810,80990,6735.5
2025.01.11,08:00,80950,81240,80890,80980,19113
2025.01.11,12:00,80990,81170,80850,81020,21561.5
2025.01.11,16:00,81010,81120,80910,80950,12794
2025.01.11,20:00,80950,80950,80800,80860,3448
2025.01.12,08:00,80840,81050,80530,80540,19885
2025.01.12,12:00,80520,80600,80230,80300,25711
2025.01.12,16:00,80270,80310,79950,80050,16894.5
2025.01.12,20:00,80040,80050,80040,80040,300
2025.01.13,08:00,80250,80870,80250,80800,21875.5
2025.01.13,12:00,80800,80920,80600,80900,22188
2025.01.13,16:00,80930,81220,80930,81070,16413.5
2025.01.13,20:00,81060,81060,80600,80700,8297
2025.01.14,08:00,80740,80770,80460,80520,20782
2025.01.14,12:00,80500,80730,80460,80680,29821.5
2025.01.14,16:00,80650,80690,80480,80530,12203.5
2025.01.14,20:00,80520,80650,80520,80570,3531
2025.01.15,08:00,80750,80750,80360,80400,19374
2025.01.15,12:00,80400,80450,80250,80380,18936.5
2025.01.15,16:00,80350,80370,79630,79710,18709.5
2025.01.15,20:00,79720,79770,79610,79670,4952
2025.01.16,08:00,79650,79650,79110,79410,21200
2025.01.16,12:00,79420,79740,79300,79630,20990.5
2025.01.16,16:00,79650,79650,79470,79540,8867.5
2025.01.16,20:00,79550,79630,79550,79570,2012
2025.01.17,16:00,79390,79410,79350,79350,1619
2025.01.17,20:00,79330,79330,79100,79140,10141
2025.01.18,08:00,79350,79650,79160,79540,20542.5
2025.01.18,12:00,79550,79990,79500,79970,23170
2025.01.18,16:00,79990,80160,79860,80100,12531
2025.01.18,20:00,80100,80260,80070,80220,5338
2025.01.19,08:00,80210,80360,80060,80230,24422
2025.01.19,12:00,80230,80480,80220,80380,14855.5
2025.01.19,16:00,80390,80450,80130,80220,15945
2025.01.19,20:00,80220,80230,80160,80190,2109
2025.01.20,08:00,80400,81090,80400,80860,23950
2025.01.20,12:00,80880,81140,80750,80800,25084
2025.01.20,16:00,80800,80910,80300,80890,24101
2025.01.20,20:00,80880,80900,80610,80630,4010
2025.01.21,08:00,80800,81770,80740,81770,22540
2025.01.21,12:00,81800,81980,81650,81760,23943.5
2025.01.21,16:00,81780,81930,81710,81730,18041
2025.01.21,20:00,81720,81820,81660,81810,2706
2025.01.22,08:00,81850,81970,81650,81730,24280.5
2025.01.22,12:00,81750,82300,81750,82180,24718.5
2025.01.22,16:00,82180,82220,82010,82210,15108.5
2025.01.22,20:00,82210,82210,82080,82130,4244
2025.01.23,08:00,82320,82840,82320,82740,32615.5
2025.01.23,12:00,82700,83150,82660,83020,22647
2025.01.23,16:00,83020,83240,82990,83120,8471
2025.01.23,20:00,83100,83100,82810,82890,8548.5
2025.01.24,16:00,82780,82780,82460,82470,7169.5
2025.01.24,20:00,82460,82670,82460,82610,5231
2025.01.25,08:00,82570,83200,82340,83110,18770
2025.01.25,12:00,83120,83240,82990,83080,30429
2025.01.25,16:00,83090,83360,83040,83160,17426
2025.01.25,20:00,83150,83450,83060,83450,5743
2025.01.26,08:00,83540,83970,83410,83660,24988.5
2025.01.26,12:00,83670,84090,83660,83860,24228.5
2025.01.26,16:00,83870,84090,83870,83950,12629
2025.01.26,20:00,83940,83990,83850,83990,5276.5
2025.01.27,08:00,83950,84280,83600,83710,22975.5
2025.01.27,12:00,83720,84240,83660,84100,23262
2025.01.27,16:00,84110,84270,84010,84100,11549
2025.01.27,20:00,84110,84120,84060,84110,1702
2025.01.28,08:00,84100,84150,83800,84140,15453
2025.01.28,12:00,84160,84390,84110,84200,24558
2025.01.28,16:00,84200,84240,84090,84120,13683
2025.01.28,20:00,84110,84140,83990,83990,3112
2025.01.29,08:00,84030,84060,83710,83880,20622
2025.01.29,12:00,83860,84000,83150,83250,29925
2025.01.29,16:00,83260,83490,83260,83360,12368
2025.01.29,20:00,83370,83440,83280,83280,2319
2025.01.30,08:00,83290,83450,83010,83220,19823
2025.01.30,12:00,83210,83560,83180,83500,19992.5
2025.01.30,16:00,83490,83600,83410,83580,8321
2025.01.30,20:00,83590,83590,83540,83570,1422
2025.01.31,16:00,83640,83670,83540,83670,4036.5
2025.01.31,20:00,83660,83670,83610,83630,2305
2025.02.01,08:00,83560,84270,83560,84200,13761
2025.02.01,12:00,84190,84250,84050,84070,19665
2025.02.01,16:00,84050,84290,84050,84250,11155
2025.02.01,20:00,84250,84360,84250,84330,3426
2025.02.02,08:00,84350,84450,84010,84260,16598
2025.02.02,12:00,84270,84550,84270,84390,14641.5
2025.02.02,16:00,84380,84390,84080,84190,16155
2025.02.02,20:00,84180,84200,84110,84160,2229
2025.02.03,08:00,84200,84480,84200,84390,11897
2025.02.03,12:00,84380,84390,83850,83850,20132
2025.02.03,16:00,83840,83920,83730,83820,15194
2025.02.03,20:00,83820,83890,83800,83800,3366
2025.02.04,08:00,83850,83910,83600,83900,17369
2025.02.04,12:00,83900,84360,83900,84280,16629
2025.02.04,16:00,84250,84520,84210,84500,15836
2025.02.04,20:00,84490,84500,84260,84350,3730
2025.02.05,08:00,83850,84640,83810,84580,19400
2025.02.05,12:00,84600,84840,84550,84730,21742.5
2025.02.05,16:00,84740,85040,84660,84950,13708.5
2025.02.05,20:00,84950,85080,84930,84980,3814
2025.02.06,08:00,85060,85360,84900,85310,19575
2025.02.06,12:00,85340,85710,85340,85670,21319
2025.02.06,16:00,85650,85890,85300,85830,20439
2025.02.06,20:00,85830,85900,85810,85860,2134
2025.02.07,16:00,86800,86840,86660,86700,2101.5
2025.02.07,20:00,86710,86750,86600,86640,4209.5
2025.02.08,08:00,86610,87940,86610,87900,23996
2025.02.08,12:00,87950,88750,87850,88530,30394.5
2025.02.08,16:00,88600,89370,88320,89150,19364.5
2025.02.08,20:00,89150,89240,89100,89200,1915
2025.02.09,08:00,89200,90700,89200,90500,21232
2025.02.09,12:00,90600,91990,90600,91240,23433.3
2025.02.09,16:00,91250,92050,91110,92050,15942.4
2025.02.09,20:00,92110,92740,92110,92700,3518
2025.02.10,08:00,92500,92650,92310,92400,8295
2025.02.10,12:00,92400,93740,92310,93350,8283.5
2025.02.15,08:00,91600,91990,91360,91400,13665
2025.02.15,12:00,91400,91600,91100,91400,24552.5
2025.02.15,16:00,91400,91400,90860,90970,11373
2025.02.15,20:00,90970,90970,90880,90910,3416
2025.02.16,08:00,90950,90950,90000,90050,14743.5
2025.02.16,12:00,90030,90810,89740,90760,30161
2025.02.16,16:00,90770,90950,90660,90710,19136.5
2025.02.16,20:00,90720,90790,90690,90750,2544
2025.02.17,08:00,90740,91390,90710,91140,19587.5
2025.02.17,12:00,91140,91490,91050,91110,28462
2025.02.17,16:00,91130,91220,90940,91050,18848
2025.02.17,20:00,91070,91140,91060,91080,3535
2025.02.18,08:00,91100,91740,91010,91730,18750
2025.02.18,12:00,91720,92200,91660,92140,38663.5
2025.02.18,16:00,92140,92240,92060,92120,12281.5
2025.02.18,20:00,92130,92150,91930,91980,4773.5
2025.02.19,08:00,92400,92860,92160,92850,19621
2025.02.19,12:00,92870,93240,92210,92490,46101.5
2025.02.19,16:00,92500,92590,92230,92260,18966
2025.02.19,20:00,92290,92390,92260,92340,4613
2025.02.20,08:00,92700,93820,92700,93550,25347.5
2025.02.20,12:00,93550,93800,93380,93400,26184.5
2025.02.20,16:00,93390,93790,93360,93680,13904.5
2025.02.20,20:00,93690,94000,93650,93980,2711
2025.02.21,16:00,93500,93740,93450,93740,4632.5
2025.02.21,20:00,93730,93750,93560,93580,5630.5
2025.02.22,08:00,94200,94990,94200,94840,26865.5
2025.02.22,12:00,94850,94900,94130,94360,44622.5
2025.02.22,16:00,94360,94360,93860,93950,16759.5
2025.02.22,20:00,93950,93950,93400,93460,6653
2025.02.23,08:00,93850,93850,92900,93540,21818
2025.02.23,12:00,93500,93500,92300,92920,48341.5
2025.02.23,16:00,92940,93240,92570,92860,26909
2025.02.23,20:00,92870,92990,92820,92920,5861
2025.02.24,08:00,93310,93490,92900,93240,24669.5
2025.02.24,12:00,93240,93290,92360,92360,27453
2025.02.24,16:00,92330,92340,91690,91750,29788
2025.02.24,20:00,91690,91890,91610,91810,5719
2025.02.25,08:00,91900,91940,91080,91080,19419
2025.02.25,12:00,91070,92550,91030,92470,42496.5
2025.02.25,16:00,92460,92550,92260,92310,18839.5
2025.02.25,20:00,92300,92580,92290,92560,3228.5
2025.02.26,08:00,92950,93750,92950,93410,15467
2025.02.26,12:00,93460,94040,93440,93480,39899
2025.02.26,16:00,93470,93470,93050,93130,31465.5
2025.02.26,20:00,93130,93130,92900,92910,6355.5
2025.02.27,08:00,93400,93600,93250,93290,17706.5
2025.02.27,12:00,93250,93360,93010,93180,25461
2025.02.27,16:00,93130,93170,92600,92720,17469
2025.02.27,20:00,92720,92770,92660,92740,4650.5
2025.02.28,16:00,92810,93020,92810,92860,6961
2025.02.28,20:00,92850,92890,92650,92670,7394.5
2025.03.01,08:00,92680,92810,92410,92770,16692.5
2025.03.01,12:00,92740,92770,91780,92050,26135.5
2025.03.01,16:00,92040,92260,91890,91950,16141
2025.03.01,20:00,91960,91970,91800,91910,5519
2025.03.02,08:00,92140,93100,92100,92800,15842.5
2025.03.02,12:00,92800,92800,91500,92450,51170.5
2025.03.02,16:00,92500,92740,92440,92450,19967.5
2025.03.02,20:00,92450,92450,92060,92170,6722
2025.03.03,08:00,92100,92250,91200,91200,22433
2025.03.03,12:00,91200,91340,90700,91190,36830.5
2025.03.03,16:00,91200,91240,90610,90800,15861
2025.03.03,20:00,90800,90820,90690,90740,2843
2025.03.04,08:00,91270,91280,90290,90830,22489.5
2025.03.04,12:00,90820,91200,90640,90990,49203.5
2025.03.04,16:00,90990,90990,90380,90400,22716
2025.03.04,20:00,90400,90450,90310,90360,4950
2025.03.05,08:00,90400,90400,89400,89870,22986.5
2025.03.05,12:00,89850,89850,88710,88810,35889
2025.03.05,16:00,88820,88970,88400,88450,15460
2025.03.05,20:00,88440,88450,88260,88370,3622.5
2025.03.06,08:00,87700,88990,87660,88950,28510.5
2025.03.06,12:00,88950,89960,88950,89650,36557
2025.03.06,16:00,89700,89700,88860,89330,15809
2025.03.06,20:00,89320,89520,89180,89190,5433
2025.03.07,16:00,90100,90140,89860,89860,2208
2025.03.07,20:00,89870,89940,89710,89940,5345
2025.03.08,08:00,90410,92000,90410,91750,29214
2025.03.08,12:00,91650,91700,91090,91350,39596
2025.03.08,16:00,91360,92340,91150,91500,36072
2025.03.08,20:00,91500,91700,91460,91690,16300
2025.03.09,08:00,91900,92700,91460,92650,24477
2025.03.09,12:00,92700,92800,92300,92770,39169
2025.03.09,16:00,92750,92850,92510,92660,16062
2025.03.09,20:00,92670,92750,92450,92550,9272
2025.03.10,08:00,93100,94100,93060,93800,32599.5
2025.03.10,12:00,93800,93850,92500,92600,45713
2025.03.10,16:00,92600,92980,92410,92820,21088.5
2025.03.10,20:00,92810,92890,92710,92710,4205
2025.03.11,08:00,93150,93240,92300,92580,26114.5
2025.03.11,12:00,92600,92800,92190,92210,29442.5
2025.03.11,16:00,92220,92410,92150,92410,12157.5
2025.03.11,20:00,92410,92790,92410,92710,10374.5
2025.03.12,08:00,93070,93350,92350,92520,32205.5
2025.03.12,12:00,92550,92750,92460,92600,23184
2025.03.12,16:00,92610,93140,92360,92830,26605.5
2025.03.12,20:00,92850,92890,92730,92790,4934
2025.03.13,08:00,93150,93400,93010,93200,36885.5
2025.03.13,12:00,93220,93250,92620,92710,26580.5
2025.03.13,16:00,92710,92830,92680,92750,8432
2025.03.13,20:00,92760,92760,92550,92650,4028
2025.03.14,16:00,92450,92450,92290,92330,3048
2025.03.14,20:00,92350,92390,92100,92120,6173
2025.03.15,08:00,92110,92270,90960,91210,30443
2025.03.15,12:00,91220,91410,90800,91130,34511
2025.03.15,16:00,91140,91650,90960,91410,19262
2025.03.15,20:00,91440,91750,91430,91700,5634
2025.03.16,08:00,91690,92710,91660,92710,27882.5
2025.03.16,12:00,92730,93250,92400,93210,38962.5
2025.03.16,16:00,93220,93600,93130,93520,15608
2025.03.16,20:00,93600,93900,93600,93710,6832.5
2025.04.05,08:00,104500,104500,104000,104440,5679
2025.04.05,12:00,104400,104500,103460,103600,10777
2025.04.05,16:00,103600,103640,102260,102310,11931
2025.04.05,20:00,102350,102560,102350,102540,2406
2025.04.06,08:00,102550,103340,102510,103300,18539
2025.04.06,12:00,103310,104440,103300,104160,49750
2025.04.06,16:00,104160,104790,103860,104740,23740
2025.04.06,20:00,104730,104730,104630,104690,3601
2025.04.07,08:00,105100,105390,104750,105380,41036
2025.04.07,12:00,105380,105800,105300,105800,50162
2025.04.07,16:00,105790,105800,105310,105590,30186
2025.04.07,20:00,105580,106000,105580,105800,9614
2025.04.08,08:00,101210,101500,98000,98800,32967
2025.04.08,12:00,98800,99990,98800,99700,94871.5
2025.04.08,16:00,99600,99950,99110,99660,55066.5
2025.04.08,20:00,99670,99800,99550,99790,11180
2025.04.09,08:00,99750,100400,99000,100250,40646
2025.04.09,12:00,100200,100280,99650,99650,36029
2025.04.09,16:00,99650,99790,99450,99690,29026
2025.04.09,20:00,99700,99710,99560,99590,5724
2025.04.10,08:00,99600,100990,99550,100650,23622
2025.04.10,12:00,100670,100930,100400,100610,24681.5
2025.04.10,16:00,100620,100690,100110,100300,16457
2025.04.10,20:00,100300,100300,100200,100200,1500
2025.04.11,08:00,100150,100150,99800,99800,2700
2025.04.11,12:00,99750,99750,99560,99600,900
2025.04.11,16:00,99610,99640,98560,98740,5018
2025.04.11,20:00,98730,98740,98500,98640,6821.5
2025.04.12,08:00,97800,97800,96600,97200,18913
2025.04.12,12:00,97150,97450,96400,96400,58289
2025.04.12,16:00,96350,96400,94500,94800,68729
2025.04.12,20:00,94800,94890,93410,93590,24201
2025.04.13,08:00,89500,90390,88710,89290,76661.5
2025.04.13,12:00,89210,89290,81500,84500,93117.3
2025.04.13,16:00,84500,86700,84000,84110,15785
2025.04.13,20:00,84200,85000,84110,84200,14824
2025.04.14,08:00,83000,87500,82500,86700,20769
2025.04.14,12:00,86690,89000,85550,87100,71207
2025.04.14,16:00,87000,88090,86410,87510,37026
2025.04.14,20:00,87700,89200,87700,88900,17553
2025.04.15,08:00,89000,90800,88500,90540,36554.5
2025.04.15,12:00,90500,90890,87000,88210,92499.2
2025.04.15,16:00,88390,88390,87010,87460,46926
2025.04.15,20:00,87590,87690,87200,87390,19974
2025.04.16,08:00,87500,88990,87410,88200,57210
2025.04.16,12:00,88400,88490,86500,86500,112557
2025.04.16,16:00,86490,87590,86410,87150,53277
2025.04.16,20:00,87150,87590,87150,87500,12741
2025.04.17,08:00,87600,87690,85600,85600,61795
2025.04.17,12:00,85600,86000,84210,85000,53169.5
2025.04.17,16:00,84990,85240,84860,84940,22163
2025.04.17,20:00,84900,84900,84200,84790,12670
2025.04.18,16:00,84300,84490,84210,84390,13416
2025.04.18,20:00,84350,84350,84110,84290,11753
2025.04.19,08:00,84000,86090,83810,85760,76043
2025.04.19,12:00,85800,86200,84800,85400,63321
2025.04.19,16:00,85500,85790,82100,82100,106206
2025.04.19,20:00,82190,82840,82010,82010,27757
2025.04.20,08:00,82400,83390,82200,82390,81749.5
2025.04.20,12:00,82300,83250,80560,83200,191069
2025.04.20,16:00,83200,83200,82360,82600,97174
2025.04.20,20:00,82610,82890,82410,82860,11711
2025.04.21,08:00,83750,84000,82710,83350,78369
2025.04.21,12:00,83300,83350,82410,82650,101250.5
2025.04.21,16:00,82640,82900,81420,81800,100283
2025.04.21,20:00,81800,81890,81410,81840,20480
2025.04.22,08:00,81800,81800,80200,80660,86900
2025.04.22,12:00,80700,80700,79070,79090,160212
2025.04.22,16:00,79050,80540,78850,80400,114762.5
2025.04.22,20:00,80380,81100,80360,80850,47773
2025.04.23,08:00,80840,81250,79810,80360,68754
2025.04.23,12:00,80400,80600,79960,80400,103895
2025.04.23,16:00,80400,80840,80160,80500,72888
2025.04.23,20:00,80510,80790,80410,80770,14870
2025.04.24,08:00,80300,80390,80100,80300,30843
2025.04.24,12:00,80300,80440,80260,80310,32667
2025.04.24,16:00,80320,80500,79850,79900,21729
2025.04.24,20:00,79900,80040,79710,79800,20992
2025.04.25,08:00,79700,79700,79200,79280,6109
2025.04.25,12:00,79270,79340,78600,79150,7704
2025.04.25,16:00,79100,79140,78810,79000,11632.5
2025.04.25,20:00,79000,79690,79000,79260,21050
2025.04.26,08:00,78500,79590,78400,79400,86082.5
2025.04.26,12:00,79350,80700,79060,79900,131835
2025.04.26,16:00,79900,83000,79800,82350,157037
2025.04.26,20:00,82360,83090,82310,82510,28566
2025.04.27,08:00,84500,85590,84200,84690,88227
2025.04.27,12:00,84600,84690,82860,83050,170722.5
2025.04.27,16:00,83000,83490,82410,82800,99094
2025.04.27,20:00,82800,83300,82710,83200,25169
2025.04.28,08:00,83200,83290,82100,82110,95357
2025.04.28,12:00,82120,82200,80800,81050,105573
2025.04.28,16:00,81000,81300,80600,80950,68619.5
2025.04.28,20:00,80960,80960,80300,80400,14872
2025.04.29,08:00,79300,80900,79200,80110,73109
2025.04.29,12:00,80150,81190,79600,80710,141090
2025.04.29,16:00,80750,81100,79960,80690,65861
2025.04.29,20:00,80680,80690,80410,80590,17660
2025.04.30,08:00,80600,81090,80510,80790,65153
2025.04.30,12:00,80780,81140,80610,80860,60526
2025.04.30,16:00,80870,81100,80560,81050,34964
2025.04.30,20:00,81060,81090,80860,80990,7012
2025.05.01,08:00,81000,81840,81000,81520,52134
2025.05.01,12:00,81600,81690,81200,81610,58120.5
2025.05.01,16:00,81620,84000,81480,83840,34284
2025.05.01,20:00,83800,84700,83800,84700,9855
2025.05.02,12:00,84400,84400,84400,84400,1
2025.05.02,16:00,84400,84500,84310,84400,1502
2025.05.02,20:00,84300,84400,84300,84400,1404
2025.05.03,08:00,85400,87500,85400,86300,97405.5
2025.05.03,12:00,86290,86500,85300,86060,141627
2025.05.03,16:00,86070,86540,85810,86080,68170
2025.05.03,20:00,86050,86050,85360,85440,12509
2025.05.04,08:00,85430,86890,85200,86720,86264.4
2025.05.04,12:00,86600,86700,86050,86690,109077.5
2025.05.04,16:00,86650,86890,85710,86250,68122
2025.05.04,20:00,86250,86550,86060,86440,12908
2025.05.05,08:00,86450,86490,84760,85510,139385
2025.05.05,12:00,85520,85540,84260,84300,170271
2025.05.05,16:00,84250,84590,83820,84370,77242
2025.05.05,20:00,84360,84500,84160,84250,10553
2025.05.06,08:00,84260,84290,82600,82950,102482
2025.05.06,12:00,83020,83050,81410,82090,190159
2025.05.06,16:00,82050,82290,81700,81800,74453
2025.05.06,20:00,81800,82140,81710,81960,20527
2025.05.07,08:00,81970,82100,81010,81990,69251.5
2025.05.07,12:00,81980,82900,81850,82590,109614.5
2025.05.07,16:00,82520,82690,81400,81840,91270
2025.05.07,20:00,81800,82090,81800,82040,12590
2025.05.08,08:00,81900,83990,81900,83190,108815
2025.05.08,12:00,83200,83400,82760,82910,69640
2025.05.08,16:00,82930,83490,82310,83360,37471.5
2025.05.08,20:00,83370,83840,83330,83800,10513
2025.05.09,08:00,82750,82750,82550,82550,202
2025.05.09,12:00,82550,82740,81810,82450,11103
2025.05.09,16:00,82460,82540,81400,81590,20356
2025.05.09,20:00,81580,81790,81510,81600,13731
2025.05.10,08:00,81700,83240,81700,82400,89800
2025.05.10,12:00,82400,82890,82400,82600,62567
2025.05.10,16:00,82600,83290,82560,83000,47832
2025.05.10,20:00,83000,83140,82810,83090,12438
2025.05.11,08:00,83900,84540,83660,83800,72203
2025.05.11,12:00,83790,84700,83760,84410,82816
2025.05.11,16:00,84500,84890,82400,82950,77702
2025.05.11,20:00,82900,82900,82710,82830,15376
2025.05.12,08:00,82900,83740,82800,83640,123942
2025.05.12,12:00,83650,83690,83260,83500,87042
2025.05.12,16:00,83500,83620,82900,83240,51542
2025.05.12,20:00,83250,83490,83250,83440,6112
2025.05.13,08:00,83550,84300,83310,83360,68711.5
2025.05.13,12:00,83400,83590,83010,83250,78144
2025.05.13,16:00,83240,83550,83100,83470,35132
2025.05.13,20:00,83450,83500,83360,83430,10651
2025.05.14,08:00,83440,83710,83180,83340,69518
2025.05.14,12:00,83350,83440,82910,83170,72358.5
2025.05.14,16:00,83160,83550,82900,83010,62220
2025.05.14,20:00,83050,83170,83010,83100,5816
2025.05.15,08:00,83490,83490,82750,82990,70982.5
2025.05.15,12:00,82960,83150,82780,83090,57583
2025.05.15,16:00,83050,83090,82610,82830,37288
2025.05.15,20:00,82840,82850,82730,82740,1907
2025.05.16,08:00,82650,82790,82650,82700,1304
2025.05.16,12:00,82600,83000,82600,82830,5217
2025.05.16,16:00,82850,82940,82710,82900,8169
2025.05.16,20:00,82900,82990,82830,82990,5136
2025.05.17,08:00,83100,83390,82950,83000,66000.6
2025.05.17,12:00,83000,83040,82360,82500,63672.5
2025.05.17,16:00,82510,82540,82010,82110,43906
2025.05.17,20:00,82120,82220,82100,82160,7217
2025.05.18,08:00,82150,82550,81950,82250,73985
2025.05.18,12:00,82230,82270,81150,81260,96881
2025.05.18,16:00,81270,81700,80900,81500,73379
2025.05.18,20:00,81500,81540,81400,81460,11329
2025.05.19,08:00,81750,82440,81510,81780,81293
2025.05.19,12:00,81790,82050,81410,81560,76797
2025.05.19,16:00,81570,81740,81450,81480,29859
2025.05.19,20:00,81470,81610,81460,81500,6377
2025.05.20,08:00,81750,83300,81610,83300,88931.5
2025.05.20,12:00,83400,85490,83300,84220,152113
2025.05.20,16:00,84200,84290,83800,83970,59557
2025.05.20,20:00,83950,84070,83930,84000,6205
2025.05.21,08:00,84720,84990,84390,84720,71397
2025.05.21,12:00,84730,84770,83690,83850,89950
2025.05.21,16:00,83850,83940,82500,82500,36054
2025.05.21,20:00,82400,82440,82100,82290,48795
2025.05.22,08:00,82280,82440,81760,82290,67978
2025.05.22,12:00,82200,82690,82100,82640,67956
2025.05.22,16:00,82630,82840,82500,82690,33214
2025.05.22,20:00,82680,82690,82610,82610,2800
2025.05.23,08:00,82650,82940,82610,82890,9413
2025.05.23,12:00,82880,83040,82780,82800,4201
2025.05.23,16:00,82750,83200,82510,82820,13834
2025.05.23,20:00,82850,83100,82810,83100,25820.2
2025.05.24,08:00,83200,83540,82800,83250,61672
2025.05.24,12:00,83250,83250,82510,82650,66202.5
2025.05.24,16:00,82750,82950,82600,82640,54264.5
2025.05.24,20:00,82650,82650,82410,82610,11569
2025.05.25,08:00,82510,82640,82210,82250,47939.5
2025.05.25,12:00,82250,82290,82000,82270,54683
2025.05.25,16:00,82300,82440,81950,82090,28782
2025.05.25,20:00,82100,82150,82060,82070,5625
2025.05.26,08:00,81850,81850,81250,81440,64483
2025.05.26,12:00,81430,81990,81350,81780,68201
2025.05.26,16:00,81800,82140,81760,82030,19061
2025.05.26,20:00,82020,82040,81910,81990,9861
2025.05.27,08:00,82100,82640,82100,82450,53206
2025.05.27,12:00,82450,82650,82160,82390,52265
2025.05.27,16:00,82350,82650,82350,82640,27366
2025.05.27,20:00,82630,82640,82490,82510,8635
2025.05.28,08:00,82500,82670,82260,82590,61016
2025.05.28,12:00,82500,82630,82400,82580,44022
2025.05.28,16:00,82570,82600,81950,82090,26545.5
2025.05.28,20:00,82100,82190,81990,82150,14722
2025.05.29,08:00,82200,82390,81820,81900,50847
2025.05.29,12:00,81900,82100,81870,81960,38530
2025.05.29,16:00,81950,82250,81910,82220,17167
2025.05.29,20:00,82220,82220,82120,82140,5085
2025.05.30,12:00,82450,82490,82450,82480,1202
2025.05.30,16:00,82470,82840,82400,82550,10471
2025.05.30,20:00,82550,82640,82450,82550,14491.5
2025.05.31,08:00,82550,82990,82500,82560,41270
2025.05.31,12:00,82580,82650,82260,82530,61498
2025.05.31,16:00,82550,82590,82270,82420,24807
2025.05.31,20:00,82410,82410,82240,82340,6031
2025.06.01,08:00,82350,82500,81900,81940,39030
2025.06.01,12:00,81900,82350,81830,82180,69246
2025.06.01,16:00,82180,82190,81860,81960,26185
2025.06.01,20:00,81950,81970,81760,81800,4854
2025.06.02,08:00,81750,81750,81200,81340,51003
2025.06.02,12:00,81330,81950,81260,81840,69853
2025.06.02,16:00,81800,82190,81720,82090,42490.6
2025.06.02,20:00,82080,82340,82080,82310,13119
2025.06.14,08:00,94500,94500,90510,91490,41013
2025.06.14,12:00,91000,92990,91000,92500,85208
2025.06.14,16:00,92800,93990,92410,92510,68908
2025.06.15,08:00,93500,94990,93500,94600,117938
2025.06.15,12:00,94590,94790,93410,94000,13634
2025.06.15,16:00,94200,95500,94200,94510,5621
2025.06.15,20:00,94600,94700,94600,94700,600
2025.06.16,08:00,94410,94490,93010,93090,31509
2025.06.16,12:00,93000,93390,91850,91900,74094
2025.06.16,16:00,91850,92800,91560,92640,47106
2025.06.16,20:00,92600,92600,92290,92490,2700
2025.06.17,08:00,92400,92490,90710,92200,53181
2025.06.17,12:00,92200,92390,91810,92350,54881
2025.06.17,16:00,92360,92390,92110,92300,19613
2025.06.17,20:00,92290,92700,92210,92300,10374
2025.06.18,08:00,92700,92940,92310,92690,63787
2025.06.18,12:00,92700,93500,92610,93460,66741
2025.06.18,16:00,93460,93500,93010,93110,18932
2025.06.18,20:00,93120,93200,93010,93050,5200
2025.06.19,08:00,93000,93000,92410,92700,5204
2025.06.21,12:00,91900,91900,91700,91700,1903
2025.06.21,16:00,91700,91890,91700,91800,1205.5
2025.06.21,20:00,91790,91890,91760,91890,1500
2025.06.22,08:00,92400,92790,92260,92570,60187
2025.06.22,12:00,92500,92590,92000,92440,89940
2025.06.22,16:00,92350,92400,92110,92250,20290
2025.06.22,20:00,92250,92290,92200,92200,3802
2025.06.23,08:00,92250,92390,91460,91560,48521
2025.06.23,12:00,91600,91690,91260,91320,55836
2025.06.23,16:00,91250,91400,91060,91170,37498
2025.06.23,20:00,91180,91250,91060,91140,5240
2025.06.24,08:00,87500,87500,85300,86000,146925
2025.06.24,12:00,86000,86000,84310,85200,174453
2025.06.24,16:00,85100,85100,83310,83790,63850
2025.06.24,20:00,83780,83990,83610,83790,28602
2025.06.25,08:00,83310,83890,82500,82590,99348.5
2025.06.25,12:00,82520,83340,82110,83290,79783
2025.06.25,16:00,83280,83390,82400,82700,111337
2025.06.25,20:00,82750,82890,82510,82650,12100
2025.06.26,08:00,82750,83200,82660,82990,64078
2025.06.26,12:00,82980,83990,82800,83760,71228
2025.06.26,16:00,83800,83800,83210,83500,69332
2025.06.26,20:00,83490,83590,83410,83460,12031
2025.06.28,08:00,83800,84890,83800,84740,92681
2025.06.28,12:00,84750,84790,84310,84610,66774
2025.06.28,16:00,84620,84950,84610,84730,56670
2025.06.28,20:00,84730,84890,84730,84870,7666
2025.06.29,08:00,85300,86200,85110,86170,67491.5
2025.06.29,12:00,86260,88500,86210,88200,140312
2025.06.29,16:00,88210,88390,87960,88140,71160
2025.06.29,20:00,88130,88790,88060,88790,16433
2025.06.30,08:00,88780,90690,88710,90400,70280
2025.06.30,12:00,90400,91100,90000,90150,128448
2025.06.30,16:00,90140,90900,90060,90410,86649
2025.06.30,20:00,90420,90940,90310,90840,19442
2025.07.01,08:00,90830,92690,90760,92410,128680.5
2025.07.01,12:00,92450,92610,92010,92320,123629
2025.07.01,16:00,92320,92600,91260,91410,93935
2025.07.01,20:00,91420,91590,91300,91350,27113
2025.07.02,08:00,91210,91440,89610,89610,96527
2025.07.02,12:00,89600,90550,89510,90550,117957.5
2025.07.02,16:00,90560,91490,90380,91240,55035
2025.07.02,20:00,91200,91300,91100,91240,19560
2025.07.03,08:00,91300,92390,91110,91740,107787
2025.07.03,12:00,91730,91740,90810,91250,98553
2025.07.03,16:00,91250,91290,90300,90500,42303.5
2025.07.03,20:00,90500,90540,90110,90290,13214
2025.07.04,12:00,90100,90190,90050,90050,1215
2025.07.04,16:00,90040,90040,89010,89550,12661
2025.07.04,20:00,89540,89590,89450,89500,2203
2025.07.05,08:00,89490,90790,89410,90490,90128
2025.07.05,12:00,90470,90800,90050,90740,78133
2025.07.05,16:00,90720,90990,90400,90550,25173
2025.07.05,20:00,90550,90560,90410,90470,4510
2025.07.06,08:00,90460,90590,90110,90270,36626
2025.07.06,12:00,90250,90250,89860,90100,50181
2025.07.06,16:00,90060,90090,89560,89690,39483
2025.07.06,20:00,89750,89930,89650,89930,13310
2025.07.07,08:00,89920,90340,89650,89700,50376.5
2025.07.07,12:00,89700,89700,88260,88260,123736
2025.07.07,16:00,88250,88350,87910,87950,58029
2025.07.07,20:00,87900,87990,87510,87550,18618
2025.07.08,08:00,87500,87790,86100,87390,76049
2025.07.08,12:00,87350,87610,86200,86500,117952
2025.07.08,16:00,86490,87200,86400,86840,73349
2025.07.08,20:00,86800,86800,86510,86710,18128
2025.07.09,08:00,87250,88340,87110,87610,145134
2025.07.09,12:00,87620,88000,87200,87640,116320
2025.07.09,16:00,87650,87750,87410,87650,49024
2025.07.09,20:00,87640,87790,87460,87580,8522
2025.07.10,08:00,87570,87990,87310,87590,108329
2025.07.10,12:00,87580,88140,87510,88050,88236
2025.07.10,16:00,88050,88200,87960,88080,15584
2025.07.10,20:00,88070,88070,87610,87770,11183
2025.07.11,08:00,87770,87770,87550,87560,3008
2025.07.11,12:00,87570,87590,86800,86850,4850
2025.07.11,16:00,86850,87000,86710,86800,8325
2025.07.11,20:00,86800,86800,86410,86440,2711
2025.07.12,08:00,86600,87440,86500,87050,58231
2025.07.12,12:00,87070,87250,86760,86900,67115
2025.07.12,16:00,86910,87010,86810,86900,27350
2025.07.12,20:00,86910,86950,86910,86930,3652
2025.07.13,08:00,87100,87490,86930,87490,56406
2025.07.13,12:00,87450,88990,87400,88990,101812
2025.07.13,16:00,88980,89040,88460,88670,80777
2025.07.13,20:00,88700,88990,88700,88940,24966
2025.07.14,08:00,88900,89390,88660,89290,82082
2025.07.14,12:00,89280,89890,89260,89740,105893
2025.07.14,16:00,89700,89740,88860,88860,56037
2025.07.14,20:00,88900,88940,88660,88900,10828
2025.07.15,08:00,88890,89440,88760,89400,63922
2025.07.15,12:00,89370,89370,88050,88130,110524
2025.07.15,16:00,88100,88340,88000,88210,45309
2025.07.15,20:00,88210,88400,88210,88390,13514
2025.07.16,08:00,88400,88530,88100,88340,56573
2025.07.16,12:00,88330,88750,88210,88590,79323
2025.07.16,16:00,88600,88640,88410,88430,22962
2025.07.16,20:00,88440,88570,88410,88570,3757
2025.07.17,08:00,88600,88640,88160,88200,47369
2025.07.17,12:00,88210,88440,88210,88400,30461
2025.07.17,16:00,88390,88490,88310,88370,16988
2025.07.17,20:00,88360,88400,88340,88390,2112
2025.07.18,12:00,88300,88300,88130,88130,507
2025.07.18,16:00,88100,88170,87550,87710,11956
2025.07.18,20:00,87700,87700,87550,87550,3327
2025.07.19,08:00,87740,87740,87300,87370,61457
2025.07.19,12:00,87400,87490,87140,87340,45250.5
2025.07.19,16:00,87330,87360,87060,87120,28730
2025.07.19,20:00,87120,87150,86970,86970,11006
2025.07.20,08:00,86760,87390,86760,87090,70934.5
2025.07.20,12:00,87070,87100,86460,86690,53888
2025.07.20,16:00,86690,86700,86460,86510,25943
2025.07.20,20:00,86530,86550,86360,86480,6543
2025.07.21,08:00,86810,87900,86610,87890,71498
2025.07.21,12:00,87800,87890,87510,87570,65835.5
2025.07.21,16:00,87560,87670,87480,87640,25217
2025.07.21,20:00,87610,87740,87610,87670,8267
2025.07.22,08:00,87600,88600,87560,88470,72398
2025.07.22,12:00,88450,88460,87960,88050,52751
2025.07.22,16:00,88000,88050,87660,87930,30405.5
2025.07.22,20:00,87930,88040,87910,88040,11742
2025.07.23,08:00,88030,88390,87860,87890,63234
2025.07.23,12:00,87850,87970,87610,87940,51963
2025.07.23,16:00,87940,87940,87500,87870,24719
2025.07.23,20:00,87870,87890,87760,87790,8414
2025.07.24,08:00,87880,88090,87610,88090,57383.5
2025.07.24,12:00,88100,88140,87910,88040,30754
2025.07.24,16:00,88050,88200,87990,88070,21602
2025.07.24,20:00,88090,88140,88070,88140,4534
2025.07.25,12:00,88200,88700,88200,88400,7425.5
2025.07.25,16:00,88350,88350,88160,88240,8128
2025.07.25,20:00,88230,88290,88160,88190,2102
2025.07.26,08:00,88300,88800,88210,88390,61693.5
2025.07.26,12:00,88400,88420,88010,88140,57319
2025.07.26,16:00,88120,88170,87810,87910,29590
2025.07.26,20:00,87920,88020,87920,88020,4040
2025.07.27,08:00,88200,88200,87600,87610,60039
2025.07.27,12:00,87600,87890,87460,87680,50807
2025.07.27,16:00,87680,87950,87590,87890,25136
2025.07.27,20:00,87900,88090,87840,88000,13730
2025.07.28,08:00,88050,88740,87890,88700,71020.5
2025.07.28,12:00,88670,89150,88610,89000,52732.5
2025.07.28,16:00,88970,89300,88890,89070,32808
2025.07.28,20:00,89060,89090,88940,89050,7164
2025.07.29,08:00,89490,89590,89050,89300,69300.5
2025.07.29,12:00,89300,89400,88910,88990,59764
2025.07.29,16:00,88960,89140,88890,89020,23185
2025.07.29,20:00,89030,89040,88910,88930,4842
2025.07.30,08:00,88950,89340,88910,89070,56436.5
2025.07.30,12:00,89080,89340,89080,89150,32820
2025.07.30,16:00,89150,89440,89050,89380,16198
2025.07.30,20:00,89380,89400,89310,89370,8327
2025.07.31,08:00,89550,90690,89550,90600,73495
2025.07.31,12:00,90600,90600,90200,90410,45490
2025.07.31,16:00,90400,90410,90160,90220,16892
2025.07.31,20:00,90230,90290,90200,90290,2306
2025.08.01,12:00,90450,90450,90350,90350,4709
2025.08.01,16:00,90320,90320,89860,90020,9538.5
2025.08.01,20:00,90010,90090,89900,89910,2403
2025.08.02,08:00,89950,90720,89810,90700,48496
2025.08.02,12:00,90710,90850,90550,90730,52620
2025.08.02,16:00,90720,91090,90690,90840,32112
2025.08.02,20:00,90840,91020,90830,90950,6313
2025.08.03,08:00,91600,92550,91360,92450,72149.5
2025.08.03,12:00,92460,92520,91910,92020,65818.5
2025.08.03,16:00,92010,92250,91800,92160,25616
2025.08.03,20:00,92150,92250,92060,92250,6661
2025.08.04,08:00,92450,92600,91890,92600,50759
2025.08.04,12:00,92580,93200,92410,93010,63711
2025.08.04,16:00,93050,93590,93000,93540,47113.5
2025.08.04,20:00,93520,93590,93380,93380,14506
2025.08.05,08:00,93370,94600,93310,93850,61284
2025.08.05,12:00,93840,93900,92710,93260,83230.5
2025.08.05,16:00,93250,93250,92650,93150,34977.5
2025.08.05,20:00,93140,93140,92700,92950,13754
2025.08.06,08:00,93100,93280,92700,92900,65392
2025.08.06,12:00,92890,92890,92420,92420,52021.5
2025.08.06,16:00,92430,92750,92200,92680,32413
2025.08.06,20:00,92690,92700,92510,92640,6899
2025.08.07,08:00,92750,93340,92750,93030,68376
2025.08.07,12:00,92920,93240,92900,93210,34092
2025.08.07,16:00,93200,93200,92900,92960,16978.5
2025.08.07,20:00,92950,92990,92860,92940,4000
2025.08.08,08:00,92900,92900,92710,92710,2708
2025.08.08,12:00,92700,92740,92600,92700,3607
2025.08.08,16:00,92700,92740,92400,92400,6723
2025.08.08,20:00,92400,92490,92390,92440,2403
2025.08.09,08:00,92400,92400,92010,92010,42828
2025.08.09,12:00,92020,92040,91400,91420,52802
2025.08.09,16:00,91420,91740,91360,91490,26748
2025.08.09,20:00,91480,91520,91150,91210,13050
2025.08.10,08:00,91200,91620,90910,91460,64197
2025.08.10,12:00,91450,91700,91350,91650,46044
2025.08.10,16:00,91650,91950,91530,91770,27567
2025.08.10,20:00,91750,91890,91710,91750,8364
2025.08.11,08:00,91850,92770,91800,92750,58071
2025.08.11,12:00,92750,93270,92660,93070,47163
2025.08.11,16:00,93070,93340,92850,92970,29704
2025.08.11,20:00,92970,92970,92700,92850,9976
2025.08.12,08:00,92900,93140,92320,92480,53708
2025.08.12,12:00,92530,92600,92360,92430,44420
2025.08.12,16:00,92430,92440,92160,92250,36390
2025.08.12,20:00,92240,92330,92210,92320,5137.8
2025.08.13,08:00,92720,93250,92630,93100,71623
2025.08.13,12:00,93110,93500,93060,93330,48145
2025.08.13,16:00,93320,93590,93290,93590,22114
2025.08.13,20:00,93580,93650,93550,93640,7627.2
2025.08.14,08:00,93650,93840,93400,93450,47364
2025.08.14,12:00,93460,93590,93200,93290,39443
2025.08.14,16:00,93300,93300,92900,92960,25034
2025.08.14,20:00,92960,93070,92960,93070,2918
2025.08.15,08:00,93050,93150,93010,93150,1700
2025.08.15,12:00,93120,93290,93120,93210,2307
2025.08.15,16:00,93180,93220,93000,93000,5126
2025.08.15,20:00,93020,93090,93010,93020,2100
2025.08.16,08:00,93100,93600,92840,92880,57441
2025.08.16,12:00,92890,92890,92380,92550,52717.5
2025.08.16,16:00,92560,92640,92300,92300,25120
2025.08.16,20:00,92300,92480,92300,92460,5641
2025.08.17,08:00,92500,93240,92500,93240,55872.5
2025.08.17,12:00,93200,93340,93100,93120,31591.5
2025.08.17,16:00,93150,93230,92940,93050,16570
2025.08.17,20:00,93030,93140,93030,93120,4030
2025.08.18,08:00,93590,93710,93300,93340,68832
2025.08.18,12:00,93350,93590,93260,93440,40024
2025.08.18,16:00,93450,93700,93410,93560,19132
2025.08.18,20:00,93550,93590,93540,93560,3957
2025.08.19,08:00,93470,93600,93400,93450,37419
2025.08.19,12:00,93450,93470,93140,93220,28984
2025.08.19,16:00,93230,93250,93060,93140,14872
2025.08.19,20:00,93130,93170,93130,93170,1106
2025.08.20,08:00,93250,93840,93250,93800,43375.5
2025.08.20,12:00,93800,93850,93400,93410,41939
2025.08.20,16:00,93450,93560,93400,93550,11429.5
2025.08.20,20:00,93560,93820,93510,93750,10590
2025.08.21,08:00,95100,95800,95100,95620,64098
2025.08.21,12:00,95620,95990,95460,95940,42565
2025.08.21,16:00,95930,96290,95860,96240,24861
2025.08.21,20:00,96200,96390,95800,95800,13917
2025.08.22,12:00,95790,95860,95630,95630,3500
2025.08.22,16:00,95620,95660,94300,94540,13665.5
2025.08.22,20:00,94520,94550,94450,94470,1502
2025.08.23,08:00,94480,94530,93910,94100,46089
2025.08.23,12:00,94150,94790,94130,94710,45266
2025.08.23,16:00,94720,94740,94420,94700,30277
2025.08.23,20:00,94700,94700,94580,94590,5147
2025.08.24,08:00,94700,94940,94630,94640,39534
2025.08.24,12:00,94650,95090,94480,94910,51287
2025.08.24,16:00,94900,95140,94860,94870,18202
2025.08.24,20:00,94860,94980,94830,94980,6002
2025.08.25,08:00,95260,95950,95100,95890,58577.5
2025.08.25,12:00,95880,96110,95600,96110,56534.5
2025.08.25,16:00,96120,96120,95700,96030,27626
2025.08.25,20:00,96050,96060,95960,96040,4093
2025.08.26,08:00,96100,96510,96060,96340,64074
2025.08.26,12:00,96350,96440,96060,96300,36476
2025.08.26,16:00,96350,96720,95960,96670,40085
2025.08.26,20:00,96650,97640,96640,97590,35675
2025.08.27,08:00,97600,98590,97600,98340,79595
2025.08.27,12:00,98350,98940,98310,98770,67955.4
2025.08.27,16:00,98750,100140,98670,100090,53471
2025.08.27,20:00,100100,100100,99660,99840,9759
2025.08.28,08:00,101000,101650,100800,101090,77651.5
2025.08.28,12:00,101050,101190,99750,99940,87247
2025.08.28,16:00,99950,101300,99800,100550,51153
2025.08.28,20:00,100560,100690,100410,100500,13827
2025.08.29,08:00,100450,100460,100210,100450,5000
2025.08.29,12:00,100400,100890,100110,100850,11209
2025.08.29,16:00,100830,102240,100760,102150,17661
2025.08.29,20:00,102160,102190,102000,102010,1806
2025.08.30,08:00,103200,103740,102210,103190,71790.6
2025.08.30,12:00,103150,103550,102110,102660,127009.5
2025.08.30,16:00,102670,102960,102550,102610,59393
2025.08.30,20:00,102620,102840,102510,102650,14194
2025.08.31,08:00,102800,103350,102010,103190,61080
2025.08.31,12:00,103170,104740,103050,104610,110665.5
2025.08.31,16:00,104650,105190,104550,104950,39107
2025.08.31,20:00,104950,105390,104870,105300,13042
2025.09.01,08:00,105600,105940,104610,105000,123105
2025.09.01,12:00,105000,105590,104500,104950,113104
2025.09.01,16:00,104950,105800,104860,105290,75589
2025.09.01,20:00,105300,105340,105050,105190,19262
2025.09.02,08:00,105200,105700,104000,104250,75614
2025.09.02,12:00,104350,104350,103310,103540,75473.5
2025.09.02,16:00,103530,103600,103200,103340,37144
2025.09.02,20:00,103340,103400,103210,103250,9254
2025.09.03,08:00,103230,103440,102310,102800,87823
2025.09.03,12:00,102810,103200,102400,102660,75230.5
2025.09.03,16:00,102700,102720,102170,102490,39098
2025.09.03,20:00,102480,102530,102110,102190,8824
2025.09.04,08:00,102180,102270,101600,101740,45916
2025.09.04,12:00,101720,101750,101310,101590,33844
2025.09.04,16:00,101580,101590,101050,101290,29404
2025.09.04,20:00,101280,101290,101100,101190,8392
2025.09.05,08:00,101100,101100,100660,100750,3717
2025.09.05,12:00,100760,100990,100730,100840,5205
2025.09.05,16:00,100770,101450,100740,101450,10946
2025.09.05,20:00,101450,101750,101360,101750,2765
2025.09.06,08:00,101740,102350,101660,101940,85187
2025.09.06,12:00,101930,102240,101710,101920,60973.1
2025.09.06,16:00,101900,103090,101850,102570,68919
2025.09.06,20:00,102560,102560,102360,102490,10756
2025.09.07,08:00,102440,102990,102110,102900,95266
2025.09.07,12:00,102850,103140,102710,102920,58516.5
2025.09.07,16:00,102910,103040,102510,102620,47471
2025.09.07,20:00,102610,102610,102560,102590,902
2025.09.08,08:00,102850,103220,102650,102690,84663
2025.09.08,12:00,102700,102750,101860,101890,62112
2025.09.08,16:00,101880,101950,101160,101190,39453
2025.09.08,20:00,101180,101190,100810,100840,17746
2025.09.09,08:00,100900,101090,99750,100090,80222
2025.09.09,12:00,100080,100400,99660,100300,53569
2025.09.09,16:00,100300,100850,100200,100760,71961
2025.09.09,20:00,100750,101400,99400,99400,33087
2025.09.10,08:00,98150,98940,98060,98550,96251
2025.09.10,12:00,98550,99340,98200,99300,113376
2025.09.10,16:00,99350,99590,99060,99060,74953.5
2025.09.10,20:00,99070,99320,98960,99250,15696
2025.09.11,08:00,99240,99950,99210,99340,69161.5
2025.09.11,12:00,99300,99450,99100,99250,58754.9
2025.09.11,16:00,99250,99350,99060,99100,22309
2025.09.11,20:00,99100,99240,99080,99110,3624
2025.09.12,08:00,99120,99320,99120,99320,2901
2025.09.12,12:00,99310,99440,99310,99420,1300
2025.09.12,16:00,99400,99490,99150,99200,6820.5
2025.09.12,20:00,99200,99200,99050,99050,2952
2025.09.13,08:00,98800,98870,98500,98520,54422.5
2025.09.13,12:00,98530,98550,97850,98040,57216
2025.09.13,16:00,98030,98090,97560,97760,51412
2025.09.13,20:00,97770,97900,97610,97840,10377
2025.09.14,08:00,97810,98700,97400,98700,64448
2025.09.14,12:00,98750,99050,98450,98460,61376.2
2025.09.14,16:00,98470,98690,97960,98060,40995
2025.09.14,20:00,98070,98240,97980,98170,10654
2025.09.15,08:00,98150,99800,98150,99450,64446.5
2025.09.15,12:00,99450,99990,98910,99690,76450
2025.09.15,16:00,99680,99750,99200,99340,44565
2025.09.15,20:00,99330,99350,99210,99310,10892
2025.09.16,08:00,99850,100300,99750,100100,49836.5
2025.09.16,12:00,100050,100250,99760,99860,44135
2025.09.16,16:00,99870,100050,99710,99800,29432
2025.09.16,20:00,99800,99860,99780,99780,8185
2025.09.17,08:00,100000,100350,99900,100020,57015
2025.09.17,12:00,99950,100050,99610,99850,47824
2025.09.17,16:00,99850,99890,99350,99390,39344
2025.09.17,20:00,99400,99490,99400,99470,6654
2025.09.18,08:00,99700,99750,99050,99150,55691.5
2025.09.18,12:00,99160,99440,99050,99240,42878
2025.09.18,16:00,99250,100590,99100,100590,37809.649999999994
2025.09.18,20:00,100500,101750,100300,101590,36423
2025.09.19,08:00,101600,102390,101510,102300,8303
2025.09.19,12:00,102250,102390,101500,102090,20614.2
2025.09.19,16:00,102100,102690,101600,101700,20564
2025.09.19,20:00,101650,101900,101500,101900,7237
2025.09.20,08:00,103000,104200,103000,103960,91473.5
2025.09.20,12:00,104050,104190,103450,103800,92704.5
2025.09.20,16:00,103800,104090,103250,103490,53590
2025.09.20,20:00,103450,103500,103210,103500,11439.5
2025.09.21,08:00,105300,105900,105110,105850,138783
2025.09.21,12:00,105900,106500,105810,105950,73100
2025.09.21,16:00,105950,106600,105810,106550,54516.5
2025.09.21,20:00,106560,106890,105600,105700,22029
2025.09.22,08:00,105700,106170,105410,105540,69475
2025.09.22,12:00,105450,105500,104100,104540,125620
2025.09.22,16:00,104500,104510,103610,103950,63380
2025.09.22,20:00,103950,104350,103950,104090,18285.5
2025.09.23,08:00,104100,104290,102610,102950,63761.5
2025.09.23,12:00,102900,103950,102300,103400,92670
2025.09.23,16:00,103410,104150,103400,103890,77001
2025.09.23,20:00,103850,104990,103800,104900,71435
2025.09.24,08:00,106900,107450,106310,107050,85283
2025.09.24,12:00,107060,107790,107020,107290,79426
2025.09.24,16:00,107150,107500,107000,107450,37355
2025.09.24,20:00,107500,107590,107280,107480,13681
2025.09.25,08:00,107300,107700,106600,107390,131317
2025.09.25,12:00,107380,108690,107330,108640,124315
2025.09.25,16:00,108650,108650,108310,108590,26437
2025.09.25,20:00,108550,108590,108500,108550,2014
2025.09.26,08:00,108560,108640,108560,108640,900
2025.09.26,12:00,108600,108600,108600,108600,100
2025.09.26,16:00,108590,108590,108010,108150,5822
2025.09.26,20:00,108160,108540,108160,108540,2107
2025.09.27,08:00,111500,111500,108560,109490,140932
2025.09.27,12:00,109480,111140,109460,111100,122305
2025.09.27,16:00,111100,111490,110760,111460,71702.5
2025.09.27,20:00,111450,111540,111310,111450,18368
2025.09.28,08:00,112600,112600,110710,111500,90679.5
2025.09.28,12:00,111490,111500,109610,109800,143297.3
2025.09.28,16:00,109790,109850,109010,109760,53891.5
2025.09.28,20:00,109770,110390,109760,110390,18413
2025.09.29,08:00,109900,110350,108710,110100,96976
2025.09.29,12:00,110100,111450,110000,111240,89589.5
2025.09.29,16:00,111200,111240,111200,111240,610
2025.10.02,08:00,114500,116600,114500,116400,53370
2025.10.02,12:00,116410,117000,116100,116990,60707
2025.10.02,16:00,116900,116900,115000,115710,87129.5
2025.10.02,20:00,115800,116190,115800,116140,9400
2025.10.03,12:00,116000,116000,115800,115800,200
2025.10.03,16:00,115510,116100,115510,116100,302.5
2025.10.03,20:00,116000,116000,115850,115850,300
2025.10.04,08:00,115700,115950,114360,115290,88797.5
2025.10.04,12:00,115200,115290,114550,114730,88835
2025.10.04,16:00,114710,115600,114610,115170,61775
2025.10.04,20:00,115050,115140,114800,114800,15046
2025.10.05,08:00,114790,115250,114400,114660,65958
2025.10.05,12:00,114670,114990,114050,114070,71793.5
2025.10.05,16:00,114100,114290,113610,113630,49779
2025.10.05,20:00,113659,113699,113060,113140,21376
2025.10.06,08:00,113100,113700,112550,112550,97309
2025.10.06,12:00,112560,112620,111860,112100,100950.5
2025.10.06,16:00,112050,112240,111000,111000,55538
2025.10.06,20:00,110980,111090,110500,111050,29094
2025.10.07,08:00,111060,111940,110400,111750,97246.5
2025.10.07,12:00,111720,113400,111700,113350,123475
2025.10.07,16:00,113350,113790,113010,113410,70300
2025.10.07,20:00,113420,113440,113210,113350,7413
2025.10.08,08:00,113500,115590,113500,115540,116996.5
2025.10.08,12:00,115500,116040,115410,115600,113380.5
2025.10.08,16:00,115600,115690,114950,115220,76591
2025.10.08,20:00,115220,115490,115100,115150,14754
2025.10.09,08:00,114500,114500,112610,113390,99829
2025.10.09,12:00,113350,113350,112510,113000,82560
2025.10.09,16:00,112990,113490,112250,112250,52237
2025.10.09,20:00,112300,112590,112210,112390,27388
2025.10.10,08:00,112450,112690,112450,112690,2000
2025.10.10,12:00,112680,112900,112560,112850,6814
2025.10.10,16:00,112850,113040,112560,112600,5732
2025.10.10,20:00,112610,112690,112560,112600,3015
2025.10.11,08:00,113150,114850,113010,114300,71931
2025.10.11,12:00,114300,114340,113310,113550,67375.3
2025.10.11,16:00,113500,113530,112740,112740,43277
2025.10.11,20:00,112750,112850,112500,112510,14790
2025.10.12,08:00,112750,112990,110850,111040,102715.5
2025.10.12,12:00,111000,112400,110910,111950,108207
2025.10.12,16:00,111960,112690,111910,112040,70275
2025.10.12,20:00,112030,112040,111550,111550,14881
2025.10.13,08:00,112300,113100,112010,112100,127984
2025.10.13,12:00,112100,112120,111200,111380,79438.5
2025.10.13,16:00,111370,111440,110950,111130,30552.5
2025.10.13,20:00,111100,111120,110310,110450,26520
2025.10.14,08:00,110600,110890,109460,109700,97672
2025.10.14,12:00,109850,110090,109160,109750,80424
2025.10.14,16:00,109750,109840,108460,108690,67230.5
2025.10.14,20:00,108650,108690,108210,108210,11973
2025.10.15,08:00,108280,110500,108000,110500,63714
2025.10.15,12:00,110600,110750,109710,109800,77214
2025.10.15,16:00,109820,110240,109310,110240,66313.5
2025.10.15,20:00,110250,110600,110100,110390,23685
2025.10.16,08:00,111800,111990,111000,111060,77683
2025.10.16,12:00,111100,111300,110360,110690,70797
2025.10.16,16:00,110660,110700,110260,110440,22061
2025.10.16,20:00,110420,110420,110010,110190,16233
2025.10.17,12:00,110180,110290,109900,110050,7718
2025.10.17,16:00,110040,110040,109360,109400,5251
2025.10.17,20:00,109400,109550,109400,109540,3121
2025.10.18,08:00,109650,109790,108020,108390,94134
2025.10.18,12:00,108350,108400,106560,106810,105921.5
2025.10.18,16:00,106820,106840,106000,106750,67579
2025.10.18,20:00,106760,108000,106610,107440,44679
2025.10.19,08:00,107430,109050,106800,109050,107781.5
2025.10.19,12:00,108950,109540,108600,108650,112451.5
2025.10.19,16:00,108650,108950,108410,108500,58703
2025.10.19,20:00,108480,108790,108480,108790,8346
2025.10.20,08:00,109500,110040,107400,107400,97048.5
2025.10.20,12:00,107400,107700,106610,107150,96272.5
2025.10.20,16:00,107150,107190,106360,106400,50355
2025.10.20,20:00,106390,106690,106380,106640,10535
2025.10.21,08:00,107700,108750,107410,108100,103440
2025.10.21,12:00,108300,108690,108100,108400,117243
2025.10.21,16:00,108500,109540,108450,109200,74924.5
2025.10.21,20:00,109200,109250,109050,109050,8576
2025.10.22,08:00,108830,108910,108000,108410,115346
2025.10.22,12:00,108400,108850,108200,108500,78462
2025.10.22,16:00,108480,108490,108210,108490,26947
2025.10.22,20:00,108500,108790,108410,108750,12837
2025.10.23,08:00,109400,110140,109300,109620,94894
2025.10.23,12:00,109610,109890,108860,108910,85536
2025.10.23,16:00,108920,108990,108460,108710,48151
2025.10.23,20:00,108720,108830,108610,108760,5442
2025.10.24,12:00,108800,108940,108750,108930,1105
2025.10.24,16:00,108900,108900,107910,108050,13334.5
2025.10.24,20:00,108050,108050,107710,107750,7145
2025.10.25,08:00,107800,107800,106410,106800,96433
2025.10.25,12:00,106850,107790,106660,107470,96747
2025.10.25,16:00,107450,107890,107100,107130,66140
2025.10.25,20:00,107130,107130,106750,106900,11685
2025.10.26,08:00,107000,108540,107000,108500,112561
2025.10.26,12:00,108500,108740,108000,108090,87848.5
2025.10.26,16:00,108050,108150,107760,107920,42557
2025.10.26,20:00,107920,107920,107760,107890,6325
2025.10.27,08:00,108560,109090,108000,108140,99039
2025.10.27,12:00,108100,108250,107460,107610,66481
2025.10.27,16:00,107650,108140,107560,107940,60150
2025.10.27,20:00,107950,107990,107830,107880,9550
2025.10.28,08:00,108300,108450,107700,107800,59399
2025.10.28,12:00,107750,108290,107650,107690,70340.5
2025.10.28,16:00,107680,107790,107100,107200,40729
2025.10.28,20:00,107250,107300,107160,107200,11495
2025.10.29,08:00,107300,107690,107010,107050,61263
2025.10.29,12:00,107050,107450,107000,107240,43228
2025.10.29,16:00,107230,107240,106810,107090,32043
2025.10.29,20:00,107100,107440,107060,107300,11011
2025.10.30,08:00,107810,108000,107400,107550,65126
2025.10.30,12:00,107550,107750,107360,107380,37081
2025.10.30,16:00,107400,107460,107260,107390,18472
2025.10.30,20:00,107380,107500,107310,107410,5038
2025.10.31,12:00,107650,107740,107500,107500,2608
2025.10.31,16:00,107500,107690,107300,107650,5831
2025.10.31,20:00,107600,107650,107510,107590,3315
2025.11.01,08:00,107700,107790,106950,107420,38220
2025.11.01,12:00,107450,108550,107380,108200,97394
2025.11.01,16:00,108210,108800,108210,108600,48987
2025.11.01,20:00,108610,108640,108400,108450,6420
2025.11.02,08:00,108750,108940,108190,108290,66032.5
2025.11.02,12:00,108280,108590,108150,108170,58568
2025.11.02,16:00,108200,108240,107870,108020,26535
2025.11.02,20:00,108000,108000,107760,107890,12570
2025.11.03,08:00,108100,108100,107310,107570,62766
2025.11.03,12:00,107550,107900,107410,107740,59476
2025.11.03,16:00,107730,107800,107550,107600,25032
2025.11.03,20:00,107600,107690,107600,107690,6530
2025.11.04,08:00,107750,108350,107500,108270,63322
2025.11.04,12:00,108280,108440,107950,107990,41234
2025.11.04,16:00,108000,108190,107850,107860,27915.5
2025.11.04,20:00,107870,108000,107810,107990,5690
2025.11.05,08:00,108000,108290,107860,107890,41328.5
2025.11.05,12:00,107880,107890,107610,107650,49877.5
2025.11.05,16:00,107620,107700,107550,107610,17779
2025.11.05,20:00,107620,107650,107600,107600,1818
2025.11.06,08:00,107700,107890,107450,107480,54896
2025.11.06,12:00,107480,107790,107460,107680,30822
2025.11.06,16:00,107690,107890,107660,107820,14981
2025.11.06,20:00,107820,107820,107750,107770,2876
2025.11.07,12:00,107700,107700,107310,107310,2615
2025.11.07,16:00,107320,107440,107310,107400,3310
2025.11.07,20:00,107390,107410,107210,107270,2002
2025.11.08,08:00,107280,107310,106910,107100,20198
2025.11.08,12:00,107150,107740,107150,107630,39725.5
2025.11.08,16:00,107620,107670,107530,107560,19646
2025.11.08,20:00,107570,107570,107500,107550,4030
2025.11.09,08:00,107550,107690,107490,107630,27519
2025.11.09,12:00,107610,107820,107550,107690,25923
2025.11.09,16:00,107680,107740,107600,107640,8803
2025.11.09,20:00,107630,107640,107600,107640,4912
2025.11.10,08:00,107600,107800,107450,107530,42472
2025.11.10,12:00,107530,107540,107310,107340,26562
2025.11.10,16:00,107330,107390,107260,107380,15473
2025.11.10,20:00,107400,107400,107330,107340,1127
2025.11.11,08:00,108160,108820,108060,108610,49299
2025.11.11,12:00,108650,109600,108610,109370,51638
2025.11.11,16:00,109360,109700,109300,109680,33190
2025.11.11,20:00,109700,109990,109580,109810,15600
2025.11.12,08:00,111000,112500,110910,112300,41034
2025.11.12,12:00,112300,112770,112160,112420,42112
2025.11.12,16:00,112400,112640,112260,112300,32424
2025.11.12,20:00,112310,112390,112210,112210,9364
2025.11.13,08:00,113450,113490,112210,113080,69326
2025.11.13,12:00,113070,113070,111910,112100,49901.5
2025.11.13,16:00,112100,112320,111400,111600,52259
2025.11.13,20:00,111590,111980,111510,111850,13031
2025.11.14,12:00,111650,111990,111600,111990,8404
2025.11.14,16:00,111940,112900,111910,112260,119283
2025.11.14,20:00,112270,112340,112150,112230,2804
2025.11.15,08:00,112650,113140,112210,113090,57383
2025.11.15,12:00,113100,113370,112600,112760,57589
2025.11.15,16:00,112770,112990,112310,112410,50490.5
2025.11.15,20:00,112420,112550,112420,112490,7829
2025.11.16,08:00,112600,112950,112200,112200,58902.5
2025.11.16,12:00,112150,112240,111710,111850,59439
2025.11.16,16:00,111840,111890,111510,111700,32169
2025.11.16,20:00,111720,112090,111720,111930,14559
2025.11.17,08:00,112060,112500,111710,111870,71910.5
2025.11.17,12:00,111860,112290,111800,112160,45012
2025.11.17,16:00,112170,112190,112000,112090,20580
2025.11.17,20:00,112100,112190,112090,112090,5823
2025.11.18,08:00,112200,112390,111910,112200,60774.41
2025.11.18,12:00,112200,112690,112100,112270,50545
2025.11.18,16:00,112260,112350,112010,112210,32004
2025.11.18,20:00,112220,112400,112220,112390,11016
2025.11.19,08:00,111200,111990,110900,111950,62753
2025.11.19,12:00,111950,113100,111950,112850,78026
2025.11.19,16:00,112850,113250,112550,113150,37071
2025.11.19,20:00,113160,113590,113000,113000,24174
2025.11.20,08:00,113440,114540,113410,114010,55687
2025.11.20,12:00,114030,114290,113400,113400,76798.4
2025.11.20,16:00,113400,113740,113000,113340,45241
2025.11.20,20:00,113350,113500,113330,113450,6497
2025.11.21,12:00,113500,113700,113260,113280,19305
2025.11.21,16:00,113280,113290,112710,112910,236806
2025.11.21,20:00,112870,112890,112660,112760,44200
2025.11.22,08:00,113150,113350,112610,112690,50624
2025.11.22,12:00,112650,112750,112360,112450,57684.5
2025.11.22,16:00,112450,112500,112300,112490,30607
2025.11.22,20:00,112470,112470,112280,112340,8492
2025.11.23,08:00,112450,113090,112310,113050,55924
2025.11.23,12:00,113050,113540,113050,113190,53015
2025.11.23,16:00,113150,113690,113060,113480,40419
2025.11.23,20:00,113480,113490,113340,113340,7980
2025.11.24,08:00,113550,113650,113260,113550,52972
2025.11.24,12:00,113500,113500,113120,113280,43175
2025.11.24,16:00,113250,113290,112660,112790,28219
2025.11.24,20:00,112800,112800,112450,112550,19403
2025.11.25,08:00,112650,112720,112110,112560,60402.5
2025.11.25,12:00,112570,113300,112350,113300,61243
2025.11.25,16:00,113310,113900,113200,113200,89039
2025.11.25,20:00,113200,113240,113100,113210,8873
2025.11.26,08:00,113250,113450,113010,113250,65742
2025.11.26,12:00,113250,113740,113200,113350,72385
2025.11.26,16:00,113350,113500,113290,113330,27063
2025.11.26,20:00,113330,113330,113160,113250,10002
2025.11.27,08:00,113700,114290,113700,114210,74799
2025.11.27,12:00,114220,114250,113750,113860,31680
2025.11.27,16:00,113870,114100,113650,114000,21950.5
2025.11.27,20:00,114000,114150,113600,113790,21151
2025.11.28,12:00,113630,113740,113580,113720,13701.5
2025.11.28,16:00,113710,113790,113510,113720,63200
2025.11.28,20:00,113720,113770,113660,113670,21900
2025.11.29,08:00,113700,114450,113700,114440,55711
2025.11.29,12:00,114430,115250,114410,115140,66771
2025.11.29,16:00,115130,115890,115130,115740,48061.5
2025.11.29,20:00,115750,115780,115690,115700,3595
2025.11.30,08:00,116400,116900,116060,116440,67752
2025.11.30,12:00,116500,116600,115860,116390,57180.4
2025.11.30,16:00,116380,117220,116130,117170,57562
2025.11.30,20:00,117150,117500,117130,117500,23178
2025.12.01,08:00,117600,118150,117450,117800,76049
2025.12.01,12:00,117800,118750,117710,118650,71882
2025.12.01,16:00,118650,119000,118200,118500,61434
2025.12.01,20:00,118490,118540,118210,118340,13780
2025.12.02,08:00,118400,118500,117250,117300,50672
2025.12.02,12:00,117300,118000,117250,117900,66182
2025.12.02,16:00,117900,118540,117900,118380,48527
2025.12.02,20:00,118400,118790,118380,118500,15511
2025.12.03,08:00,118500,119590,118250,119450,51273
2025.12.03,12:00,119450,120150,119450,120150,59670
2025.12.03,16:00,120150,120150,119500,119500,49495
2025.12.03,20:00,119500,119540,119380,119450,9471
2025.12.04,08:00,119600,120300,119300,119460,60501
2025.12.04,12:00,119470,119540,118950,119280,66814
2025.12.04,16:00,119270,119520,119260,119360,20159
2025.12.04,20:00,119380,119390,119300,119300,1439
2025.12.05,12:00,119250,119450,119110,119440,5828
2025.12.05,16:00,119430,120040,119380,119990,7054
2025.12.05,20:00,119980,120090,119910,119910,3910
2025.12.06,08:00,120700,121140,120360,120940,55382
2025.12.06,12:00,120950,121540,120860,121430,61754
2025.12.06,16:00,121430,121850,121380,121410,47917
2025.12.06,20:00,121410,121640,121230,121600,19492.018
2025.12.07,08:00,122400,122750,121550,122690,46541
2025.12.07,12:00,122670,122890,121700,122280,61698
2025.12.07,16:00,122330,123450,122240,123430,61366
2025.12.07,20:00,123500,123590,123210,123400,12095.5
2025.12.08,08:00,123450,123990,122910,123840,70050.5
2025.12.08,12:00,123900,124640,123700,124560,95025
2025.12.08,16:00,124580,125450,124480,125260,55781
2025.12.08,20:00,125270,125400,124810,125100,30465
2025.12.09,08:00,125150,125990,125050,125200,57230
2025.12.09,12:00,125100,125190,123800,123800,100825.5
2025.12.09,16:00,123810,124340,123400,124180,71695
2025.12.09,20:00,124170,124390,124010,124290,18042
2025.12.10,08:00,123950,124390,123320,123440,62543
2025.12.10,12:00,123430,124390,123110,124200,58004
2025.12.10,16:00,124250,124300,123860,124050,34559
2025.12.10,20:00,124030,124030,123610,123760,13160
2025.12.11,08:00,124200,124600,124150,124410,48555
2025.12.11,12:00,124400,125250,124300,125150,45682
2025.12.11,16:00,125150,125200,124660,124740,32786
2025.12.11,20:00,124750,124840,124610,124830,9949
2025.12.12,12:00,125150,125240,124830,124900,106200
2025.12.12,16:00,124900,125970,124760,125720,287500
2025.12.12,20:00,125700,125890,125660,125810,54100
2025.12.13,08:00,125900,127000,125860,126650,79511
2025.12.13,12:00,126650,128250,126410,128000,78496
2025.12.13,16:00,128050,128340,126850,128190,77160
2025.12.13,20:00,128100,128100,127560,127710,24153
2025.12.14,08:00,127700,127700,125800,126650,80098.8
2025.12.14,12:00,126660,127740,126660,127660,72860.5
2025.12.14,16:00,127680,128940,127600,128790,75736
2025.12.14,20:00,128750,129340,128700,129320,25011
2025.12.15,08:00,129700,130390,128960,130310,63231
2025.12.15,12:00,130400,130640,128900,129900,93251
2025.12.15,16:00,129910,130090,129200,129650,60276
2025.12.15,20:00,129650,129890,129610,129870,26955
2025.12.16,08:00,129880,129890,128200,128490,77707.6
2025.12.16,12:00,128480,128970,128340,128350,61672
2025.12.16,16:00,128350,129440,128200,129390,41916
2025.12.16,20:00,129380,129490,129260,129390,15925
2025.12.17,08:00,129300,130690,128910,130690,48918
2025.12.17,12:00,130680,131390,130410,130810,79255
2025.12.17,16:00,130850,131550,130700,131550,51334
2025.12.17,20:00,131600,131750,131600,131680,12262
2025.12.18,08:00,131700,131890,130700,131160,67832.01000000001
2025.12.18,12:00,131170,131550,130860,131010,62454.5
2025.12.18,16:00,131050,131140,129950,130150,68087
2025.12.18,20:00,130150,130440,130050,130330,16943
2025.12.19,12:00,130300,130540,130200,130490,35500
2025.12.19,16:00,130490,131195,130390,131120,365400
2025.12.19,20:00,131120,131640,131060,131580,119100
2025.12.20,08:00,132340,132900,132100,132310,58764
2025.12.20,12:00,132320,132340,131260,131600,70231
2025.12.20,16:00,131610,131690,131130,131300,40477
2025.12.20,20:00,131290,131360,131230,131340,7038
2025.12.21,08:00,130470,130590,129410,129450,73813
2025.12.21,12:00,129450,130750,129190,130750,84447
2025.12.21,16:00,130750,131200,130500,130750,51641
2025.12.21,20:00,130710,130790,130410,130490,19191
2025.12.22,08:00,130800,131500,130500,131240,44117
2025.12.22,12:00,131200,131800,131150,131620,55082
2025.12.22,16:00,131629,131790,130710,131000,53339
2025.12.22,20:00,131000,131390,131000,131300,12846
2025.12.23,08:00,131240,131960,131060,131700,64533
2025.12.23,12:00,131700,133650,131700,133340,82702
2025.12.23,16:00,133330,134400,133260,134400,55442
2025.12.23,20:00,134400,134490,134100,134100,26563
2025.12.24,08:00,134110,134540,133510,134490,51013
2025.12.24,12:00,134450,135750,134450,135610,59898.5
2025.12.24,16:00,135620,135700,134360,134900,45360
2025.12.24,20:00,134900,135140,134650,135120,17216
2025.12.25,08:00,135050,135190,133910,134300,53720
2025.12.25,12:00,134250,134390,133110,133950,89092
2025.12.25,16:00,134050,134140,133610,133900,39675
2025.12.25,20:00,133850,133990,133710,133950,5800
2025.12.26,08:00,134000,134890,134000,134800,5511
2025.12.26,12:00,134800,135690,134800,135510,42531
2025.12.26,16:00,135520,136310,135340,136190,131400
2025.12.26,20:00,136180,136180,135110,135530,117800
2025.12.27,08:00,135600,137150,135600,137150,59564
2025.12.27,12:00,137100,138140,136550,137860,66840.5
2025.12.27,16:00,137900,138900,137900,138870,65365.5
2025.12.27,20:00,138880,139290,138880,139190,11557
2025.12.28,08:00,139300,142140,139300,141900,49143
2025.12.28,12:00,141900,144490,140800,141250,85559
2025.12.28,16:00,141260,142940,140400,142600,71779.5
2025.12.28,20:00,142650,142650,142000,142200,22164
2025.12.29,08:00,142190,143300,140700,140900,63223
2025.12.29,12:00,140890,140900,138300,138500,152998.5
2025.12.29,16:00,138550,139240,136700,136700,84024
2025.12.29,20:00,136700,136700,136100,136340,28347
2025.12.30,08:00,135350,138090,135100,136600,98416.5
2025.12.30,12:00,136550,138690,136250,138200,148248
2025.12.30,16:00,138190,138940,137950,138710,71348
2025.12.30,20:00,138750,139050,138680,138790,16751.5
2025.12.31,08:00,138700,138890,136560,136640,109825
2025.12.31,12:00,136600,137490,135000,135110,88385.5
2025.12.31,16:00,135000,135140,134300,134460,68556
2025.12.31,20:00,134450,134470,134010,134090,20282
2026.01.01,08:00,134100,134690,133000,134150,77119
2026.01.01,12:00,134100,134400,133200,134110,77075.5
2026.01.01,16:00,134100,135050,134100,134520,58753
2026.01.01,20:00,134530,134590,134000,134050,18021
2026.01.02,12:00,135000,136950,135000,136500,8015
2026.01.02,16:00,136550,137040,136160,136410,8605
2026.01.02,20:00,136500,136740,136500,136740,2500
2026.01.03,08:00,136700,139800,136410,139500,41186
2026.01.03,12:00,139490,139590,136800,137650,112904.5
2026.01.03,16:00,137660,137900,137200,137500,47881
2026.01.03,20:00,137500,137500,137000,137180,14290
2026.01.04,08:00,138100,138550,136700,136700,78778.5
2026.01.04,12:00,136600,137290,136000,137240,108536.3
2026.01.04,16:00,137230,138500,137110,137850,86062
2026.01.04,20:00,137850,137850,137400,137700,17273
2026.01.05,08:00,137990,139590,137060,138900,96751
2026.01.05,12:00,138900,141500,138810,141250,119788.5
2026.01.05,16:00,141240,143100,140950,143100,67671
2026.01.05,20:00,143100,143400,142960,143300,18146
2026.01.06,08:00,143800,146900,143800,146900,112037
2026.01.06,12:00,146900,147550,144410,145390,198388.5
2026.01.06,16:00,145200,146700,144500,146050,122933
2026.01.06,20:00,146040,146150,145810,146090,20364
2026.01.07,08:00,147800,147990,145510,145750,88538.5
2026.01.07,12:00,145750,145790,144600,145350,75266
2026.01.07,16:00,145360,146790,145300,146000,81111.5
2026.01.07,20:00,145990,146290,145550,145660,24675
2026.01.08,08:00,145650,146190,143910,144990,81907.5
2026.01.08,12:00,145000,145640,144300,144300,74522
2026.01.08,16:00,144350,144790,144000,144150,47130
2026.01.08,20:00,144190,144440,144010,144390,8906
2026.01.24,12:00,140010,140010,140010,140010,0
2026.01.24,16:00,140000,140000,140000,140000,100
2026.01.25,12:00,141000,141000,140000,140990,4409
2026.01.25,16:00,141000,141590,140810,141210,6315
2026.01.25,20:00,141220,141540,141170,141500,7806
2026.01.26,08:00,141500,143490,141310,142410,85373.5
2026.01.26,12:00,142500,143690,142500,143500,38397
2026.01.26,16:00,143550,146290,143550,146190,82940
2026.01.26,20:00,146120,146140,145810,145990,12620
2026.01.27,08:00,145600,147150,145410,147150,79475
2026.01.27,12:00,147150,149390,147150,149300,97770
2026.01.27,16:00,149300,150500,149300,150300,33886
2026.01.27,20:00,150300,150600,150300,150500,14621
2026.01.28,08:00,151500,154190,151500,153790,132481
2026.01.28,12:00,153800,156000,153800,155850,73787.5
2026.01.28,16:00,155800,157640,155510,157090,73102
2026.01.28,20:00,157080,157390,156510,157000,22715
2026.01.29,08:00,160500,162990,159010,160300,107045.7
2026.01.29,12:00,160300,161700,154000,155500,110370.5
2026.01.29,16:00,155490,157690,155410,157000,23954
2026.01.29,20:00,157010,157790,157010,157500,10426
2026.01.30,16:00,157500,157500,157500,157500,100
2026.01.30,20:00,157500,157500,157500,157500,200
2026.01.31,08:00,157500,158490,155310,157610,77697
2026.01.31,12:00,157620,161790,157200,161790,175389
2026.01.31,16:00,161600,163490,161310,161940,121535.5
2026.01.31,20:00,161800,161940,160900,161390,47580
2026.02.01,08:00,158510,161000,157910,159400,99774
2026.02.01,12:00,159410,159800,156500,157800,141516
2026.02.01,16:00,157800,157890,157000,157400,84037.5
2026.02.01,20:00,157350,157490,157010,157300,33053
2026.02.02,08:00,156510,156690,155400,156150,103843
2026.02.02,12:00,156200,157200,150500,150800,237603
2026.02.02,16:00,150800,154100,150800,153250,149958
2026.02.02,20:00,153200,153300,152760,152760,30026
2026.02.03,08:00,152750,152900,150710,151750,106186
2026.02.03,12:00,151760,154900,151710,154100,155003.5
2026.02.03,16:00,154100,155440,154010,155000,56899
2026.02.03,20:00,155000,156150,155000,156150,28769
2026.02.04,08:00,156140,156990,154110,154690,143271
2026.02.04,12:00,154700,155990,154510,155050,129901
2026.02.04,16:00,155040,155290,154410,154810,65441
2026.02.04,20:00,154850,155090,154850,155090,18310
2026.02.05,08:00,156300,158190,156000,158190,123040.3
2026.02.05,12:00,158000,159590,157810,159300,95129
2026.02.05,16:00,159200,159250,158210,158600,26033
2026.02.05,20:00,158800,159000,158800,159000,200
2026.02.06,12:00,159000,159600,158810,159500,8002
2026.02.06,16:00,159300,159300,157210,157510,16358
2026.02.06,20:00,157700,158100,157700,158000,521
2026.02.07,08:00,158000,158000,154000,155510,116088
2026.02.07,12:00,155520,156490,155500,155990,128662
2026.02.07,16:00,156000,156000,154160,154440,86720
2026.02.07,20:00,154400,154400,153810,154200,28182
2026.02.08,08:00,154190,155800,153310,155500,166082
2026.02.08,12:00,155450,157750,155300,157200,149155
2026.02.08,16:00,157190,158390,157150,157900,97498
2026.02.08,20:00,157850,158290,157660,158100,20865
2026.02.09,08:00,158090,161000,158010,160790,134283.5
2026.02.09,12:00,160780,161590,160160,160890,136819.5
2026.02.09,16:00,160800,160900,159600,160700,118417
2026.02.09,20:00,160710,161390,160660,161390,26797
2026.02.10,08:00,161500,162290,160860,161440,151909.5
2026.02.10,12:00,161410,161600,160700,161400,107933
2026.02.10,16:00,161450,162690,161420,162490,95793
2026.02.10,20:00,162480,162500,162300,162450,21713
2026.02.11,08:00,162440,162500,161850,162390,63051
2026.02.11,12:00,162350,162840,161800,162500,82711
2026.02.11,16:00,162450,162640,161010,161200,103845
2026.02.11,20:00,161250,161700,161000,161700,46665
2026.02.12,08:00,161710,161890,160100,160410,119674.1
2026.02.12,12:00,160420,161290,160100,161290,93645
2026.02.12,16:00,161200,161490,160210,160350,60956
2026.02.12,20:00,160360,160840,160360,160840,42303
2026.02.13,12:00,160500,160580,160350,160550,38700
2026.02.13,16:00,160540,160570,159510,160150,320500
2026.02.13,20:00,160100,160190,159560,159600,149100
2026.02.14,08:00,159000,160190,158510,159500,132396.5
2026.02.14,12:00,159500,159500,158000,158250,141447
2026.02.14,16:00,158240,158540,157800,157910,40685
2026.02.14,20:00,157920,158440,157920,158250,19156
2026.02.15,08:00,158400,159490,158400,158790,86946
2026.02.15,12:00,158800,160000,158500,159800,93273
2026.02.15,16:00,159850,159990,159100,159150,46262
2026.02.15,20:00,159150,159340,158960,159290,16188
2026.02.16,08:00,159400,159590,158210,158790,94532
2026.02.16,12:00,158750,159490,158710,159310,111693
2026.02.16,16:00,159300,159340,159000,159240,57861
2026.02.16,20:00,159170,159200,159010,159140,13720
2026.02.17,08:00,158650,160290,158650,160060,89008
2026.02.17,12:00,160070,161600,159800,161100,121593.5
2026.02.17,16:00,161250,162700,159610,159610,165195
2026.02.17,20:00,159700,160200,159610,160200,26234
2026.02.18,08:00,160200,162400,160200,162400,95074
2026.02.18,12:00,162400,162500,161500,161800,108768
2026.02.18,16:00,161800,162390,161660,161910,47584
2026.02.18,20:00,161950,162490,161920,162400,21471
2026.02.19,08:00,162600,165090,162510,164690,119537
2026.02.19,12:00,164680,165340,164010,164890,103205
2026.02.19,16:00,164850,164940,163510,164150,54889
2026.02.19,20:00,164140,164140,163960,164100,8430
2026.02.20,12:00,164100,164340,163810,164010,39300
2026.02.20,16:00,164000,164290,163230,163420,313900
2026.02.20,20:00,163310,163840,163290,163690,95300
2026.02.21,08:00,164000,166040,163810,164800,136319
2026.02.21,12:00,164650,165600,164600,165290,122328
2026.02.21,16:00,165300,165300,164800,164800,43789
2026.02.21,20:00,164800,164840,164400,164400,18212
2026.02.22,08:00,164750,165490,164400,164510,89855
2026.02.22,12:00,164500,165100,164410,164910,58425
2026.02.22,16:00,164900,165040,163600,163700,66622
2026.02.22,20:00,163700,163940,163660,163940,16014
2026.02.23,08:00,163900,163900,162600,163690,114978
2026.02.23,12:00,163680,163850,163000,163850,107841
2026.02.23,16:00,163900,164350,163710,164000,45221.5
2026.02.23,20:00,164000,164000,163510,163790,21908
2026.02.24,08:00,164100,164840,163910,164310,80767
2026.02.24,12:00,164330,164850,164300,164380,71926.5
2026.02.24,16:00,164400,164700,164260,164400,25014
2026.02.24,20:00,164390,164590,164210,164510,9452
2026.02.25,08:00,164520,165540,164510,165160,93845
2026.02.25,12:00,165170,165640,165010,165590,58911
2026.02.25,16:00,165560,165690,165360,165550,48186
2026.02.25,20:00,165560,165590,165410,165540,20684
2026.02.26,08:00,165500,165650,164110,164990,82258
2026.02.26,12:00,164980,165190,164310,165000,78189
2026.02.26,16:00,165000,166100,164750,165850,34968
2026.02.26,20:00,165800,166000,165610,166000,10459
2026.02.27,12:00,165250,166190,165166,166130,142720
2026.02.27,16:00,166150,167200,166060,166610,366893.5
2026.02.27,20:00,166620,166990,166590,166700,34433
2026.02.28,08:00,168700,171490,168210,171190,38129
2026.02.28,12:00,171000,171000,171000,171000,100
2026.03.03,16:00,158000,158000,158000,158000,100
2026.03.04,12:00,157990,157990,157010,157990,19700
2026.03.04,16:00,157000,157000,157000,157000,100
2026.03.04,20:00,156000,156000,155500,155500,200
2026.03.05,08:00,155000,155000,155000,155000,100
2026.03.07,08:00,154000,154000,154000,154000,100
2026.03.07,12:00,153990,153990,153010,153500,10100
2026.03.08,08:00,153510,153990,153510,153990,4900
2026.03.09,08:00,152010,152990,152010,152500,10100
2026.03.09,12:00,152500,152990,152500,152990,4903
2026.03.10,08:00,152000,152000,150500,150500,500
2026.03.10,12:00,150490,150990,147000,147010,89203
2026.03.10,16:00,148000,148490,147510,147510,10000
2026.03.11,08:00,147520,147990,147520,147990,4800
2026.03.12,12:00,148000,148990,148000,148990,10000
2026.03.12,16:00,148500,148500,148500,148500,100
2026.03.14,08:00,151000,153990,149000,149000,17124
2026.03.14,12:00,149000,149000,148000,148000,51800
2026.03.14,16:00,148000,149990,148000,149990,10500
2026.03.15,08:00,149000,149990,148010,149990,39800
2026.03.15,12:00,149000,149000,148010,148010,10000
2026.03.16,08:00,148020,148990,148020,148990,9800
2026.03.16,12:00,148980,148990,148010,148500,19804
2026.03.16,16:00,148510,148990,148510,148990,4900
2026.03.18,08:00,149146,149146,149146,149146,800
2026.03.18,12:00,150000,150000,150000,150000,100
2026.03.25,08:00,152490,153000,152490,153000,5200
2026.03.25,12:00,153000,153000,153000,153000,200
2026.03.25,16:00,152000,152000,152000,152000,300
2026.03.28,08:00,154000,157490,154000,156000,35300
2026.03.28,12:00,155990,155990,155510,155610,6700
2026.03.28,16:00,155600,155600,155010,155400,21100
2026.03.28,20:00,155300,155380,155010,155190,9300
2026.03.29,08:00,155180,156000,154910,155900,41826
2026.03.29,12:00,155900,155990,155610,155910,10300
2026.03.29,16:00,156000,157000,156000,156190,29617
2026.03.29,20:00,156180,156180,156010,156010,1800
2026.03.30,08:00,156300,156790,156010,156400,15900
2026.03.30,12:00,156400,156990,156210,156710,27002
2026.03.30,16:00,156750,156890,156600,156850,13104
2026.03.30,20:00,156800,156800,156800,156800,201
2026.03.31,08:00,157000,158740,157000,158000,36420
2026.03.31,12:00,158000,158200,157500,158200,19116
2026.03.31,16:00,158200,158200,157500,157800,29054
2026.04.01,08:00,157700,157700,156610,156760,82164
2026.04.01,12:00,156770,157340,156500,156810,22975
2026.04.01,16:00,156900,157090,156000,156000,32931
2026.04.01,20:00,155990,156090,155810,156090,4700
2026.04.02,08:00,156990,157200,156510,156880,40760
2026.04.02,12:00,156800,157490,156560,157100,34681.5
2026.04.02,16:00,157090,157340,157010,157290,12102
2026.04.02,20:00,157280,157280,157280,157280,100
2026.04.04,08:00,157270,157270,155510,155700,71942
2026.04.04,12:00,155500,155890,155210,155610,33546
2026.04.04,16:00,155620,155840,155500,155690,15416
2026.04.04,20:00,155680,155800,155610,155710,6102
2026.04.05,08:00,155700,155890,154500,155800,115608
2026.04.05,12:00,155900,156400,155700,156150,55781
2026.04.05,16:00,156140,156640,156010,156440,48655
2026.04.05,20:00,156430,156940,156410,156800,11614
2026.04.06,08:00,156790,157600,156710,157100,86691
2026.04.06,12:00,157100,158190,156910,158190,85460
2026.04.06,16:00,158200,158790,157960,158740,38902.5
2026.04.06,20:00,158700,158990,158410,158850,24306
2026.04.07,08:00,159300,161090,159010,160890,173455
2026.04.07,12:00,160880,162990,160710,162060,124134.5
2026.04.07,16:00,162070,162190,161500,161790,50456
2026.04.07,20:00,161780,161780,161010,161190,25438
2026.04.08,08:00,154000,154000,148500,152000,415957
2026.04.08,12:00,152000,154690,151710,153000,309862
2026.04.08,16:00,153000,154800,153000,154710,83747
2026.04.08,20:00,154800,155840,154800,155690,47272
2026.04.09,08:00,155010,155200,154010,154990,223268
2026.04.09,12:00,155000,155700,155000,155200,59181
2026.04.09,16:00,155200,155290,154210,154400,52262
2026.04.09,20:00,154410,154590,154210,154390,25615
2026.04.10,12:00,153900,154100,153800,153800,2110
2026.04.10,16:00,153810,154190,153760,154000,7176
2026.04.10,20:00,154010,154090,153300,153300,1800
2026.04.11,08:00,153990,153990,152010,152700,265152
2026.04.11,12:00,152700,153190,151900,152200,145396
2026.04.11,16:00,152210,152490,150110,150650,166909
2026.04.11,20:00,150660,151200,150510,150650,30988
2026.04.12,08:00,156800,158500,156010,157350,342830.5
2026.04.12,12:00,157360,157500,156710,157010,109607.5
2026.04.12,16:00,157020,157890,157010,157400,132625
2026.04.12,20:00,157450,157900,157450,157810,17948
2026.04.13,08:00,158000,159590,157910,159000,177977
2026.04.13,12:00,159000,159450,158660,158950,109572
2026.04.13,16:00,159000,159090,158310,158660,70708
2026.04.13,20:00,158700,158800,157800,157800,37726
2026.04.14,08:00,155800,156490,155710,156060,114460
2026.04.14,12:00,156200,156200,154810,155390,79295
2026.04.14,16:00,155350,155790,153510,153710,161605
2026.04.14,20:00,153800,154190,153600,154050,61545
2026.04.15,08:00,153900,153900,152510,152650,228885
2026.04.15,12:00,152660,153890,152010,153890,176073
2026.04.15,16:00,153710,153900,152110,152660,101028
2026.04.15,20:00,152670,152890,152400,152490,32428
2026.04.16,08:00,152500,153290,152410,152850,141923
2026.04.16,12:00,152800,153690,152410,153640,72810
2026.04.16,16:00,153650,153690,152000,152700,80979
2026.04.16,20:00,152710,152790,152410,152690,21231
2026.04.17,12:00,152200,152200,152200,152200,10
2026.04.17,16:00,151500,151500,148000,148210,46532
2026.04.17,20:00,148200,148200,147300,147700,7653
2026.04.18,08:00,146500,148000,144510,146490,425353
2026.04.18,12:00,146480,150990,146000,150400,412568
2026.04.18,16:00,150410,151200,149710,150510,107495
2026.04.18,20:00,150600,151300,150510,151210,24984
2026.04.19,08:00,152500,154800,152300,152560,299745
2026.04.19,12:00,152700,152840,148400,148500,175248
2026.04.19,16:00,148500,150990,148410,149250,307846
2026.04.19,20:00,149240,151490,149010,150990,78173
2026.04.20,08:00,152300,153290,151100,151610,157500
2026.04.20,12:00,151700,152200,150510,150850,102091
2026.04.20,16:00,150700,151890,150410,151300,75226
2026.04.20,20:00,151400,151590,150910,150950,32946
2026.04.21,08:00,151000,151790,149500,150210,102983
2026.04.21,12:00,150220,151000,149810,150690,102648
2026.04.21,16:00,150680,152490,150510,152400,70032.5
2026.04.21,20:00,152400,154000,152400,153700,14751
2026.04.22,08:00,152400,154590,152260,153900,189350.5
2026.04.22,12:00,153900,156000,153700,154390,190525.5
2026.04.22,16:00,154400,154900,153000,153310,59259
2026.04.22,20:00,153320,153390,153010,153100,4901
2026.04.23,08:00,153300,153640,152710,153550,137417
2026.04.23,12:00,153540,154090,153510,153890,82853
2026.04.23,16:00,153880,154390,153710,154100,45542
2026.04.23,20:00,154000,154290,153810,154100,13952
2026.04.24,12:00,154100,154500,152710,152800,9622
2026.04.24,16:00,152800,153990,152800,153400,25137
2026.04.24,20:00,153410,153600,153110,153510,39335
2026.04.25,08:00,153400,155300,153310,155300,130459
2026.04.25,12:00,155300,155300,154410,154960,146238
2026.04.25,16:00,155000,156190,154960,156190,125142
2026.04.25,20:00,156100,156990,156100,156400,61643
2026.04.26,08:00,157000,157390,156000,156200,169769
2026.04.26,12:00,156200,156890,156000,156200,113091
2026.04.26,16:00,156200,156490,155560,156190,103219
2026.04.26,20:00,156050,156300,155860,156040,29231
2026.04.27,08:00,156150,157190,155510,156800,152505
2026.04.27,12:00,156800,158400,156710,158200,171554
2026.04.27,16:00,158200,159090,158110,158810,97006.5
2026.04.27,20:00,158820,159390,158760,159340,29987
2026.04.28,08:00,159330,161500,159210,161490,151193
2026.04.28,12:00,161480,164500,161310,164200,217485.5
2026.04.28,16:00,164200,165700,164160,165650,91569.5
2026.04.28,20:00,165600,166490,165410,166400,24875
2026.04.29,08:00,168000,174000,168000,173510,22724
2026.04.29,12:00,173700,176990,171500,173000,643485
2026.04.29,16:00,172990,174990,172510,174700,133232
2026.04.29,20:00,175000,176000,174610,175590,73553
2026.04.30,08:00,175600,175990,174000,174900,219126
2026.04.30,12:00,174910,175000,173000,173690,235478
2026.04.30,16:00,173680,174000,173310,173790,75764
2026.04.30,20:00,173780,173780,173010,173290,48711
2026.05.01,12:00,173400,173990,173400,173710,8900
2026.05.01,16:00,173720,174190,172810,173400,45217
2026.05.01,20:00,174000,175990,173510,175900,50045
2026.05.02,08:00,175910,180490,175910,180490,251933
2026.05.02,12:00,180480,182550,180210,181350,168580
2026.05.02,16:00,181340,181390,179210,180800,154777
2026.05.02,20:00,180790,181790,180700,181700,22529
2026.05.03,08:00,184300,184800,181310,183800,182343
2026.05.03,12:00,183810,184590,183200,183840,176477
2026.05.03,16:00,183830,184890,183760,184010,135070
2026.05.03,20:00,184100,184850,183700,184850,47723
2026.05.04,08:00,185700,185990,184200,185750,219544
2026.05.04,12:00,185760,187650,185610,186800,221332
2026.05.04,16:00,186810,188990,185010,185400,141185
2026.05.04,20:00,185500,185500,183000,183150,146030
2026.05.05,08:00,180500,183690,180000,182010,252483.5
2026.05.05,12:00,182200,182500,179000,180400,291333
2026.05.05,16:00,180410,181940,179500,180000,168520
2026.05.05,20:00,180010,180190,178810,179410,61998
2026.05.06,08:00,179600,179990,177210,177390,247102
2026.05.06,12:00,177300,177500,172410,174400,238129
2026.05.06,16:00,174500,175400,174010,174400,109094
2026.05.06,20:00,174400,174790,174210,174650,25365
2026.05.07,08:00,174300,174590,171000,173400,331646
2026.05.07,12:00,173410,174600,172810,174510,129191
2026.05.07,16:00,174520,175000,173610,174090,80617
2026.05.07,20:00,174100,174100,173810,173860,10320
2026.05.08,08:00,174000,175200,174000,175200,3505
2026.05.08,12:00,175100,175690,174510,175690,29441
2026.05.08,16:00,175680,175990,174410,175560,94807
2026.05.08,20:00,175570,175790,175210,175210,53244
2026.05.09,08:00,175200,177190,175010,176300,213185.5
2026.05.09,12:00,176200,176990,176200,176890,108613
2026.05.09,16:00,176850,176900,175810,175850,104641
2026.05.09,20:00,175860,175940,175010,175010,18618
2026.05.10,08:00,175400,176100,175000,175240,170479
2026.05.10,12:00,175250,175900,174910,175500,156073
2026.05.10,16:00,175490,175650,174010,174390,85646
2026.05.10,20:00,174380,174490,174000,174490,31488
2026.05.11,08:00,178700,180890,178510,180260,202297
2026.05.11,12:00,180270,181600,180270,181500,206191
2026.05.11,16:00,181500,182000,180600,180600,103546
2026.05.11,20:00,180590,180690,180010,180550,49301
2026.05.12,08:00,183500,184000,181100,181590,195440
2026.05.12,12:00,181580,181580,178800,179450,185551
2026.05.12,16:00,179460,179590,178600,179140,89039
2026.05.12,20:00,179100,179290,179010,179150,11541
2026.05.13,08:00,178800,179500,177300,177800,195352.5
2026.05.13,12:00,177800,178390,177310,178200,178563
2026.05.13,16:00,178190,178290,177660,177900,79685
2026.05.13,20:00,177890,178120,177810,178090,11010
2026.05.14,08:00,178080,178650,177000,178650,155755
2026.05.14,12:00,178650,179490,178310,179100,130466
2026.05.14,16:00,179000,179290,178600,179000,61466
2026.05.14,20:00,179050,179100,178860,179000,16500
2026.05.15,08:00,180200,180390,180010,180390,7203
2026.05.15,12:00,180300,180300,178910,179010,44547
2026.05.15,16:00,179000,180500,179000,180050,212855.5
2026.05.15,20:00,180000,180040,179110,179390,45574
2026.05.16,08:00,179380,180490,179210,179990,162192
2026.05.16,12:00,179980,180090,178610,178990,199366
2026.05.16,16:00,178980,179090,178510,178890,146351
2026.05.16,20:00,178820,179190,178820,178980,33190
2026.05.17,08:00,179500,180000,178910,179490,177210
2026.05.17,12:00,179600,180940,179510,180800,167907
2026.05.17,16:00,180800,180900,179910,180310,140169
2026.05.17,20:00,180320,180390,179360,179810,54777
2026.05.18,08:00,180390,180390,178510,178610,185926
2026.05.18,12:00,178700,179000,178010,178100,109548
2026.05.18,16:00,178050,179240,177770,178750,153360
2026.05.18,20:00,178850,179040,178200,178400,28047
2026.05.19,08:00,178410,178540,177010,178050,147923
2026.05.19,12:00,178040,178200,177010,177290,98820
2026.05.19,16:00,177200,177990,177110,177590,64311
2026.05.19,20:00,177580,177790,177300,177350,16471
2026.05.20,08:00,178400,180190,178010,179910,138190.5
2026.05.20,12:00,180100,181190,179900,180750,118534.4
2026.05.20,16:00,180750,180890,178200,179000,143707
2026.05.20,20:00,179000,179440,178810,179000,26287
2026.05.21,08:00,178400,179340,178300,178790,191458
2026.05.21,12:00,178650,179740,178400,179600,194756
2026.05.21,16:00,179650,179690,178810,178900,34175
2026.05.21,20:00,178890,179200,178810,179000,20839
2026.05.22,08:00,179000,179690,179000,179510,6302
2026.05.22,12:00,179600,179840,179000,179150,57618
2026.05.22,16:00,179100,179490,178510,178850,37452
2026.05.22,20:00,178850,178990,178210,178400,43856.5
2026.05.23,08:00,178610,179290,177510,177700,84271
2026.05.23,12:00,177700,178090,176810,177750,148154
2026.05.23,16:00,177760,177940,176500,176500,106584
2026.05.23,20:00,176500,176500,175310,175990,67770
